ID_Pesquisa,Data_Resposta,Nota_NPS,Estado,Motivo_Principal,ID_Sistema_Feedback,Classificacao_NPS
SRV-000000,2025-10-13,6,MG,Preço,48250,Detrator
SRV-000001,2025-09-07,3,SP,Tempo de Entrega,26076,Detrator
SRV-000002,2025-11-18,10,PE,Preço,25376,Promotor
SRV-000003,2025-11-13,7,SC,Variedade,65839,Neutro
SRV-000004,2025-03-19,4,RJ,Atendimento,74723,Detrator
SRV-000005,2025-10-24,6,BA,Atendimento,53442,Detrator
SRV-000006,2025-12-04,9,MS,Preço,15392,Promotor
SRV-000007,2025-11-03,2,PE,Variedade,37106,Detrator
SRV-000008,2025-12-17,6,PE,Atendimento,89845,Detrator
SRV-000009,2025-01-13,10,RJ,Variedade,34809,Promotor
SRV-000010,2025-12-12,10,RJ,Atendimento,10693,Promotor
SRV-000011,2025-03-23,7,GO,Variedade,69821,Neutro
SRV-000012,2025-01-09,4,RS,Qualidade do Produto,84159,Detrator
SRV-000013,2025-08-01,3,MT,Variedade,84710,Detrator
SRV-000014,2025-02-17,7,ES,Variedade,21352,Neutro
SRV-000015,2025-02-18,7,GO,Preço,62196,Neutro
SRV-000016,2025-11-05,2,SP,Qualidade do Produto,81066,Detrator
SRV-000017,2025-02-09,5,BA,Tempo de Entrega,14992,Detrator
SRV-000018,2025-12-29,4,RJ,Preço,63076,Detrator
SRV-000019,2025-10-07,1,AM,Tempo de Entrega,33354,Detrator
SRV-000020,2025-08-14,7,MG,Atendimento,13312,Neutro
SRV-000021,2025-04-18,5,PR,Tempo de Entrega,55833,Detrator
SRV-000022,2025-09-02,1,AM,Variedade,14318,Detrator
SRV-000023,2025-09-12,4,MG,Tempo de Entrega,76003,Detrator
SRV-000024,2025-02-02,0,RS,Preço,37192,Detrator
SRV-000025,2025-01-23,9,RS,Preço,99199,Promotor
SRV-000026,2025-11-29,5,AM,Tempo de Entrega,47489,Detrator
SRV-000027,2025-02-23,8,RJ,Preço,50309,Neutro
SRV-000028,2025-11-05,0,GO,Preço,38273,Detrator
SRV-000029,2025-02-18,10,GO,Tempo de Entrega,57553,Promotor
SRV-000030,2025-03-19,10,RS,Qualidade do Produto,39473,Promotor
SRV-000031,2025-12-02,9,MT,Qualidade do Produto,71410,Promotor
SRV-000032,2025-12-24,2,SC,Atendimento,23679,Detrator
SRV-000033,2025-05-02,6,CE,Preço,55310,Detrator
SRV-000034,2025-12-25,3,PE,Tempo de Entrega,93406,Detrator
SRV-000035,2025-03-31,8,GO,Preço,70683,Neutro
SRV-000036,2025-12-12,2,PE,Variedade,35992,Detrator
SRV-000037,2025-07-12,4,RJ,Preço,39433,Detrator
SRV-000038,2025-09-01,2,RS,Preço,86574,Detrator
SRV-000039,2025-05-29,6,PR,Qualidade do Produto,35933,Detrator
SRV-000040,2025-05-26,4,GO,Tempo de Entrega,55020,Detrator
SRV-000041,2025-11-12,8,SC,Preço,39236,Neutro
SRV-000042,2025-05-21,6,SP,Qualidade do Produto,68735,Detrator
SRV-000043,2025-10-13,1,RS,Atendimento,19770,Detrator
SRV-000044,2025-12-05,3,SC,Qualidade do Produto,79285,Detrator
SRV-000045,2025-04-21,8,ES,Qualidade do Produto,45271,Neutro
SRV-000046,2025-04-18,1,SP,Qualidade do Produto,83391,Detrator
SRV-000047,2025-10-08,9,PE,Preço,33439,Promotor
SRV-000048,2025-02-19,8,ES,Preço,21101,Neutro
SRV-000049,2025-01-14,9,RJ,Atendimento,92319,Promotor
SRV-000050,2025-05-14,4,BA,Variedade,54917,Detrator
SRV-000051,2025-03-17,1,RJ,Variedade,93459,Detrator
SRV-000052,2025-03-25,3,PR,Variedade,90562,Detrator
SRV-000053,2025-12-09,6,MT,Atendimento,51196,Detrator
SRV-000054,2025-06-07,7,SC,Variedade,33569,Neutro
SRV-000055,2025-10-13,2,MT,Variedade,51887,Detrator
SRV-000056,2025-11-10,0,GO,Qualidade do Produto,30893,Detrator
SRV-000057,2025-04-04,3,BA,Preço,97971,Detrator
SRV-000058,2025-10-24,1,MT,Preço,65304,Detrator
SRV-000059,2025-04-04,7,SP,Qualidade do Produto,42399,Neutro
SRV-000060,2025-02-26,3,SP,Qualidade do Produto,35236,Detrator
SRV-000061,2025-06-13,1,MS,Qualidade do Produto,95870,Detrator
SRV-000062,2025-11-16,5,ES,Preço,59531,Detrator
SRV-000063,2025-04-08,5,PR,Variedade,90570,Detrator
SRV-000064,2025-01-16,9,GO,Qualidade do Produto,19442,Promotor
SRV-000065,2025-12-10,3,PA,Atendimento,66437,Detrator
SRV-000066,2025-03-19,5,GO,Qualidade do Produto,70342,Detrator
SRV-000067,2025-12-12,1,PE,Tempo de Entrega,88179,Detrator
SRV-000068,2025-03-13,9,MT,Qualidade do Produto,45069,Promotor
SRV-000069,2025-09-27,1,AM,Preço,83246,Detrator
SRV-000070,2025-10-14,9,RS,Qualidade do Produto,48560,Promotor
SRV-000071,2025-03-07,3,RS,Tempo de Entrega,68070,Detrator
SRV-000072,2025-03-09,7,BA,Atendimento,52427,Neutro
SRV-000073,2025-07-12,6,PA,Variedade,70496,Detrator
SRV-000074,2025-02-24,8,PR,Qualidade do Produto,74557,Neutro
SRV-000075,2025-06-17,7,PR,Tempo de Entrega,82752,Neutro
SRV-000076,2025-01-25,4,SP,Tempo de Entrega,87248,Detrator
SRV-000077,2025-05-11,1,AM,Atendimento,80441,Detrator
SRV-000078,2025-11-21,4,PE,Preço,58534,Detrator
SRV-000079,2025-04-12,7,SC,Qualidade do Produto,37930,Neutro
SRV-000080,2025-10-09,9,PE,Tempo de Entrega,99042,Promotor
SRV-000081,2025-10-23,8,MG,Atendimento,17288,Neutro
SRV-000082,2025-10-21,8,PR,Variedade,91122,Neutro
SRV-000083,2025-09-20,0,RJ,Tempo de Entrega,71518,Detrator
SRV-000084,2025-04-30,8,CE,Atendimento,42400,Neutro
SRV-000085,2025-08-19,6,PR,Preço,11567,Detrator
SRV-000086,2025-10-18,8,PA,Preço,57878,Neutro
SRV-000087,2025-06-10,7,GO,Tempo de Entrega,58850,Neutro
SRV-000088,2025-06-10,0,GO,Tempo de Entrega,11094,Detrator
SRV-000089,2025-03-19,7,GO,Qualidade do Produto,21135,Neutro
SRV-000090,2025-02-07,7,PA,Atendimento,89044,Neutro
SRV-000091,2025-01-28,10,AM,Tempo de Entrega,55113,Promotor
SRV-000092,2025-04-10,2,BA,Qualidade do Produto,68791,Detrator
SRV-000093,2025-10-21,0,MT,Qualidade do Produto,19684,Detrator
SRV-000094,2025-05-04,7,RJ,Tempo de Entrega,81727,Neutro
SRV-000095,2025-04-02,2,BA,Preço,93378,Detrator
SRV-000096,2025-09-12,2,ES,Atendimento,68552,Detrator
SRV-000097,2025-04-07,0,CE,Atendimento,18046,Detrator
SRV-000098,2025-01-06,10,CE,Preço,14934,Promotor
SRV-000099,2025-06-18,4,PA,Tempo de Entrega,69556,Detrator
SRV-000100,2025-09-28,9,SP,Atendimento,56806,Promotor
SRV-000101,2025-04-18,6,GO,Tempo de Entrega,11354,Detrator
SRV-000102,2025-10-26,9,PR,Tempo de Entrega,63046,Promotor
SRV-000103,2025-02-16,8,GO,Qualidade do Produto,75064,Neutro
SRV-000104,2025-04-09,6,SP,Preço,67184,Detrator
SRV-000105,2025-01-14,8,RS,Tempo de Entrega,12963,Neutro
SRV-000106,2025-07-13,7,BA,Variedade,37424,Neutro
SRV-000107,2025-06-06,1,MG,Preço,90039,Detrator
SRV-000108,2025-06-03,0,MG,Atendimento,13042,Detrator
SRV-000109,2025-04-25,6,RS,Qualidade do Produto,17139,Detrator
SRV-000110,2025-09-15,6,ES,Atendimento,21226,Detrator
SRV-000111,2025-05-25,7,MG,Atendimento,90298,Neutro
SRV-000112,2025-10-18,4,PA,Preço,93652,Detrator
SRV-000113,2025-01-10,2,BA,Atendimento,48108,Detrator
SRV-000114,2025-08-02,7,MG,Tempo de Entrega,80647,Neutro
SRV-000115,2025-08-21,5,GO,Atendimento,78617,Detrator
SRV-000116,2025-06-20,10,AM,Qualidade do Produto,39815,Promotor
SRV-000117,2025-01-21,2,RS,Qualidade do Produto,17802,Detrator
SRV-000118,2025-01-15,0,RJ,Variedade,52230,Detrator
SRV-000119,2025-05-06,2,MT,Qualidade do Produto,73372,Detrator
SRV-000120,2025-12-07,4,MT,Atendimento,64020,Detrator
SRV-000121,2025-12-07,2,SP,Qualidade do Produto,93449,Detrator
SRV-000122,2025-08-01,0,MS,Preço,27465,Detrator
SRV-000123,2025-07-07,4,SC,Qualidade do Produto,17994,Detrator
SRV-000124,2025-06-21,9,BA,Tempo de Entrega,13531,Promotor
SRV-000125,2025-09-04,6,SP,Preço,19343,Detrator
SRV-000126,2025-01-05,6,GO,Variedade,69066,Detrator
SRV-000127,2025-08-19,10,CE,Tempo de Entrega,16229,Promotor
SRV-000128,2025-07-20,8,MS,Atendimento,92124,Neutro
SRV-000129,2025-05-29,9,PE,Atendimento,98704,Promotor
SRV-000130,2025-03-13,9,PA,Atendimento,54789,Promotor
SRV-000131,2025-08-14,2,MG,Tempo de Entrega,54069,Detrator
SRV-000132,2025-03-15,6,MG,Tempo de Entrega,97402,Detrator
SRV-000133,2025-11-03,0,ES,Tempo de Entrega,19524,Detrator
SRV-000134,2025-06-18,3,MT,Preço,98074,Detrator
SRV-000135,2025-09-06,3,PA,Preço,96762,Detrator
SRV-000136,2025-10-07,4,SP,Atendimento,73103,Detrator
SRV-000137,2025-06-01,6,PE,Qualidade do Produto,18103,Detrator
SRV-000138,2025-08-12,6,MT,Atendimento,68581,Detrator
SRV-000139,2025-08-13,10,MG,Variedade,93938,Promotor
SRV-000140,2025-02-07,3,GO,Preço,64203,Detrator
SRV-000141,2025-02-13,6,CE,Tempo de Entrega,25090,Detrator
SRV-000142,2025-07-04,10,ES,Preço,25915,Promotor
SRV-000143,2025-08-29,2,SP,Tempo de Entrega,51477,Detrator
SRV-000144,2025-11-27,5,ES,Variedade,66987,Detrator
SRV-000145,2025-12-17,1,GO,Variedade,63238,Detrator
SRV-000146,2025-07-29,9,SP,Preço,97047,Promotor
SRV-000147,2025-01-23,8,PR,Tempo de Entrega,25029,Neutro
SRV-000148,2025-05-04,4,PR,Variedade,99067,Detrator
SRV-000149,2025-03-27,5,AM,Atendimento,63520,Detrator
SRV-000150,2025-02-12,3,MT,Atendimento,80053,Detrator
SRV-000151,2025-02-09,10,RS,Tempo de Entrega,61464,Promotor
SRV-000152,2025-10-30,9,AM,Preço,31961,Promotor
SRV-000153,2025-06-18,6,BA,Variedade,36835,Detrator
SRV-000154,2025-06-24,8,ES,Preço,37725,Neutro
SRV-000155,2025-01-20,6,RS,Atendimento,35357,Detrator
SRV-000156,2025-04-19,0,ES,Variedade,11244,Detrator
SRV-000157,2025-07-12,0,MG,Preço,77952,Detrator
SRV-000158,2025-09-01,8,PA,Qualidade do Produto,58061,Neutro
SRV-000159,2025-11-20,10,SC,Tempo de Entrega,16490,Promotor
SRV-000160,2025-10-07,8,ES,Tempo de Entrega,87219,Neutro
SRV-000161,2025-08-16,3,AM,Qualidade do Produto,15839,Detrator
SRV-000162,2025-02-05,8,MG,Atendimento,34992,Neutro
SRV-000163,2025-02-14,2,PA,Variedade,54938,Detrator
SRV-000164,2025-01-28,6,PA,Tempo de Entrega,66249,Detrator
SRV-000165,2025-06-03,5,PE,Qualidade do Produto,54735,Detrator
SRV-000166,2025-01-23,7,PR,Qualidade do Produto,60734,Neutro
SRV-000167,2025-07-26,10,GO,Atendimento,57080,Promotor
SRV-000168,2025-04-01,8,AM,Atendimento,84460,Neutro
SRV-000169,2025-12-25,4,RS,Preço,91457,Detrator
SRV-000170,2025-02-07,0,MS,Tempo de Entrega,34260,Detrator
SRV-000171,2025-08-16,2,AM,Preço,69607,Detrator
SRV-000172,2025-07-21,9,SC,Qualidade do Produto,71852,Promotor
SRV-000173,2025-12-16,7,CE,Variedade,38380,Neutro
SRV-000174,2025-11-05,10,PA,Variedade,94347,Promotor
SRV-000175,2025-09-11,5,PR,Atendimento,81257,Detrator
SRV-000176,2025-02-07,7,RS,Variedade,51191,Neutro
SRV-000177,2025-08-09,8,MT,Variedade,14930,Neutro
SRV-000178,2025-07-06,3,SC,Variedade,14353,Detrator
SRV-000179,2025-02-12,0,CE,Qualidade do Produto,17832,Detrator
SRV-000180,2025-12-25,0,RJ,Variedade,59554,Detrator
SRV-000181,2025-04-24,9,GO,Variedade,98487,Promotor
SRV-000182,2025-09-17,3,GO,Variedade,64017,Detrator
SRV-000183,2025-01-05,6,GO,Preço,67298,Detrator
SRV-000184,2025-03-09,1,MG,Qualidade do Produto,61389,Detrator
SRV-000185,2025-08-16,2,RJ,Atendimento,83306,Detrator
SRV-000186,2025-05-03,0,MS,Preço,35525,Detrator
SRV-000187,2025-06-22,4,MG,Tempo de Entrega,92092,Detrator
SRV-000188,2025-12-02,0,SP,Qualidade do Produto,90630,Detrator
SRV-000189,2025-06-02,7,BA,Qualidade do Produto,83471,Neutro
SRV-000190,2025-09-24,0,SC,Tempo de Entrega,78211,Detrator
SRV-000191,2025-06-06,10,GO,Tempo de Entrega,41280,Promotor
SRV-000192,2025-06-11,0,RJ,Tempo de Entrega,21240,Detrator
SRV-000193,2025-08-02,1,BA,Atendimento,75092,Detrator
SRV-000194,2025-01-26,1,SC,Variedade,79541,Detrator
SRV-000195,2025-10-19,5,RS,Qualidade do Produto,72851,Detrator
SRV-000196,2025-07-08,6,MT,Variedade,16544,Detrator
SRV-000197,2025-05-02,4,SP,Variedade,67981,Detrator
SRV-000198,2025-08-18,0,RS,Tempo de Entrega,27332,Detrator
SRV-000199,2025-02-28,0,MG,Atendimento,36836,Detrator
SRV-000200,2025-04-06,2,MT,Preço,24388,Detrator
SRV-000201,2025-09-19,1,MS,Atendimento,11694,Detrator
SRV-000202,2025-12-20,4,BA,Variedade,96677,Detrator
SRV-000203,2025-11-08,9,SC,Atendimento,98202,Promotor
SRV-000204,2025-05-16,5,ES,Tempo de Entrega,59294,Detrator
SRV-000205,2025-12-16,6,MT,Preço,48769,Detrator
SRV-000206,2025-10-10,3,BA,Tempo de Entrega,49420,Detrator
SRV-000207,2025-04-30,6,PE,Preço,47855,Detrator
SRV-000208,2025-01-25,10,CE,Variedade,11460,Promotor
SRV-000209,2025-12-08,7,RJ,Preço,57646,Neutro
SRV-000210,2025-05-26,10,PA,Preço,51252,Promotor
SRV-000211,2025-01-12,0,SC,Preço,19835,Detrator
SRV-000212,2025-03-28,5,PR,Atendimento,20910,Detrator
SRV-000213,2025-04-19,7,PR,Atendimento,92757,Neutro
SRV-000214,2025-12-11,4,CE,Variedade,18463,Detrator
SRV-000215,2025-09-23,3,MT,Preço,23336,Detrator
SRV-000216,2025-08-10,1,MG,Qualidade do Produto,36534,Detrator
SRV-000217,2025-03-15,5,MS,Variedade,12369,Detrator
SRV-000218,2025-11-29,5,BA,Preço,35381,Detrator
SRV-000219,2025-11-06,10,AM,Preço,95094,Promotor
SRV-000220,2025-04-12,0,BA,Atendimento,97905,Detrator
SRV-000221,2025-05-17,8,MS,Variedade,35407,Neutro
SRV-000222,2025-07-10,10,PR,Preço,72552,Promotor
SRV-000223,2025-05-22,5,BA,Preço,45939,Detrator
SRV-000224,2025-12-23,2,CE,Variedade,77576,Detrator
SRV-000225,2025-03-14,3,PA,Qualidade do Produto,98652,Detrator
SRV-000226,2025-11-24,10,BA,Variedade,36170,Promotor
SRV-000227,2025-06-16,3,MG,Variedade,81908,Detrator
SRV-000228,2025-06-17,2,RJ,Qualidade do Produto,32369,Detrator
SRV-000229,2025-02-23,9,PE,Variedade,83098,Promotor
SRV-000230,2025-09-16,2,RJ,Preço,54544,Detrator
SRV-000231,2025-04-21,2,PE,Variedade,15900,Detrator
SRV-000232,2025-08-20,3,ES,Qualidade do Produto,50733,Detrator
SRV-000233,2025-06-10,6,MS,Tempo de Entrega,97236,Detrator
SRV-000234,2025-12-18,3,GO,Variedade,10589,Detrator
SRV-000235,2025-11-23,8,RJ,Atendimento,70044,Neutro
SRV-000236,2025-01-19,0,CE,Preço,75311,Detrator
SRV-000237,2025-10-17,7,SP,Preço,67926,Neutro
SRV-000238,2025-02-19,6,ES,Atendimento,80599,Detrator
SRV-000239,2025-06-24,1,PE,Atendimento,95553,Detrator
SRV-000240,2025-10-29,7,MS,Variedade,93910,Neutro
SRV-000241,2025-07-03,0,PE,Atendimento,98435,Detrator
SRV-000242,2025-07-04,10,ES,Tempo de Entrega,59008,Promotor
SRV-000243,2025-12-05,8,PE,Qualidade do Produto,76794,Neutro
SRV-000244,2025-11-03,8,PA,Atendimento,89134,Neutro
SRV-000245,2025-11-06,1,MS,Atendimento,12866,Detrator
SRV-000246,2025-12-12,6,SC,Tempo de Entrega,62890,Detrator
SRV-000247,2025-03-22,9,SP,Preço,51504,Promotor
SRV-000248,2025-06-05,2,CE,Preço,63374,Detrator
SRV-000249,2025-10-02,6,GO,Variedade,39404,Detrator
SRV-000250,2025-10-10,9,AM,Tempo de Entrega,75223,Promotor
SRV-000251,2025-09-06,8,SC,Qualidade do Produto,10637,Neutro
SRV-000252,2025-05-27,3,PE,Qualidade do Produto,25828,Detrator
SRV-000253,2025-01-07,0,GO,Tempo de Entrega,63544,Detrator
SRV-000254,2025-06-06,1,RJ,Qualidade do Produto,55097,Detrator
SRV-000255,2025-06-20,0,SC,Preço,42022,Detrator
SRV-000256,2025-03-10,4,RJ,Qualidade do Produto,42202,Detrator
SRV-000257,2025-04-04,4,ES,Qualidade do Produto,38704,Detrator
SRV-000258,2025-12-29,10,PA,Tempo de Entrega,33641,Promotor
SRV-000259,2025-07-05,6,BA,Tempo de Entrega,47479,Detrator
SRV-000260,2025-06-19,8,GO,Qualidade do Produto,88771,Neutro
SRV-000261,2025-07-23,8,RS,Atendimento,32027,Neutro
SRV-000262,2025-02-11,2,MT,Tempo de Entrega,52912,Detrator
SRV-000263,2025-01-13,2,MS,Variedade,81474,Detrator
SRV-000264,2025-06-03,2,GO,Variedade,52692,Detrator
SRV-000265,2025-10-01,3,PE,Preço,42209,Detrator
SRV-000266,2025-10-25,7,RS,Qualidade do Produto,67563,Neutro
SRV-000267,2025-02-20,5,SP,Atendimento,66738,Detrator
SRV-000268,2025-07-31,7,RJ,Preço,47242,Neutro
SRV-000269,2025-05-24,0,SC,Qualidade do Produto,19941,Detrator
SRV-000270,2025-12-23,7,RS,Tempo de Entrega,17073,Neutro
SRV-000271,2025-01-03,3,MG,Variedade,47827,Detrator
SRV-000272,2025-09-11,10,PE,Atendimento,56225,Promotor
SRV-000273,2025-12-01,0,GO,Variedade,47096,Detrator
SRV-000274,2025-09-13,7,PA,Tempo de Entrega,60546,Neutro
SRV-000275,2025-04-08,3,RS,Qualidade do Produto,76457,Detrator
SRV-000276,2025-06-22,5,AM,Tempo de Entrega,78309,Detrator
SRV-000277,2025-05-30,7,SC,Tempo de Entrega,79998,Neutro
SRV-000278,2025-10-06,3,GO,Variedade,96496,Detrator
SRV-000279,2025-02-28,2,SC,Atendimento,40268,Detrator
SRV-000280,2025-04-23,8,SP,Tempo de Entrega,95354,Neutro
SRV-000281,2025-11-20,2,GO,Variedade,52078,Detrator
SRV-000282,2025-08-31,8,PR,Atendimento,11865,Neutro
SRV-000283,2025-11-06,1,CE,Qualidade do Produto,38887,Detrator
SRV-000284,2025-02-26,1,MG,Qualidade do Produto,59876,Detrator
SRV-000285,2025-03-01,1,RS,Preço,43479,Detrator
SRV-000286,2025-11-25,5,CE,Variedade,50478,Detrator
SRV-000287,2025-08-04,2,MG,Atendimento,36401,Detrator
SRV-000288,2025-08-21,8,PR,Tempo de Entrega,38502,Neutro
SRV-000289,2025-02-24,3,RS,Qualidade do Produto,23394,Detrator
SRV-000290,2025-07-27,0,AM,Atendimento,19262,Detrator
SRV-000291,2025-03-04,3,MG,Variedade,14487,Detrator
SRV-000292,2025-07-03,0,GO,Preço,37341,Detrator
SRV-000293,2025-11-07,4,GO,Qualidade do Produto,23570,Detrator
SRV-000294,2025-10-08,3,CE,Atendimento,67268,Detrator
SRV-000295,2025-01-26,7,RJ,Atendimento,39605,Neutro
SRV-000296,2025-06-26,7,SC,Atendimento,81602,Neutro
SRV-000297,2025-03-04,6,BA,Variedade,36723,Detrator
SRV-000298,2025-03-14,2,ES,Variedade,79108,Detrator
SRV-000299,2025-12-01,0,PE,Variedade,88206,Detrator
SRV-000300,2025-06-16,0,MS,Tempo de Entrega,70098,Detrator
SRV-000301,2025-08-13,10,MS,Atendimento,58707,Promotor
SRV-000302,2025-03-06,2,PA,Qualidade do Produto,59028,Detrator
SRV-000303,2025-03-10,5,BA,Variedade,66921,Detrator
SRV-000304,2025-01-09,6,RS,Variedade,70760,Detrator
SRV-000305,2025-08-24,5,AM,Atendimento,20249,Detrator
SRV-000306,2025-07-17,5,RS,Variedade,77847,Detrator
SRV-000307,2025-06-22,5,MG,Tempo de Entrega,53839,Detrator
SRV-000308,2025-10-09,2,AM,Tempo de Entrega,49673,Detrator
SRV-000309,2025-01-28,5,SC,Variedade,13642,Detrator
SRV-000310,2025-10-23,7,GO,Atendimento,16338,Neutro
SRV-000311,2025-05-14,10,GO,Atendimento,61761,Promotor
SRV-000312,2025-01-27,10,PR,Atendimento,19622,Promotor
SRV-000313,2025-02-07,1,SP,Preço,58423,Detrator
SRV-000314,2025-07-15,4,MT,Variedade,52873,Detrator
SRV-000315,2025-07-22,0,MG,Atendimento,57565,Detrator
SRV-000316,2025-03-26,0,GO,Tempo de Entrega,17806,Detrator
SRV-000317,2025-11-16,4,MS,Qualidade do Produto,10757,Detrator
SRV-000318,2025-01-30,2,SP,Qualidade do Produto,31470,Detrator
SRV-000319,2025-04-09,3,ES,Atendimento,16220,Detrator
SRV-000320,2025-07-09,2,CE,Qualidade do Produto,64754,Detrator
SRV-000321,2025-01-12,0,MG,Qualidade do Produto,89852,Detrator
SRV-000322,2025-04-01,0,MT,Preço,32505,Detrator
SRV-000323,2025-01-30,4,ES,Tempo de Entrega,38288,Detrator
SRV-000324,2025-08-01,5,PE,Tempo de Entrega,84492,Detrator
SRV-000325,2025-02-07,2,MG,Preço,29109,Detrator
SRV-000326,2025-12-07,8,MS,Preço,13497,Neutro
SRV-000327,2025-03-01,4,SC,Qualidade do Produto,67326,Detrator
SRV-000328,2025-10-21,7,SC,Variedade,19864,Neutro
SRV-000329,2025-12-26,0,RS,Qualidade do Produto,97562,Detrator
SRV-000330,2025-05-23,4,PE,Preço,84310,Detrator
SRV-000331,2025-06-29,2,MS,Tempo de Entrega,31017,Detrator
SRV-000332,2025-10-12,0,RS,Qualidade do Produto,11821,Detrator
SRV-000333,2025-04-22,3,AM,Variedade,60337,Detrator
SRV-000334,2025-08-18,4,SP,Qualidade do Produto,55485,Detrator
SRV-000335,2025-01-21,6,PA,Atendimento,93557,Detrator
SRV-000336,2025-05-25,0,BA,Qualidade do Produto,66388,Detrator
SRV-000337,2025-05-26,2,PR,Preço,20372,Detrator
SRV-000338,2025-11-12,1,PE,Tempo de Entrega,81333,Detrator
SRV-000339,2025-06-15,8,CE,Tempo de Entrega,26283,Neutro
SRV-000340,2025-05-20,9,GO,Preço,50857,Promotor
SRV-000341,2025-07-22,5,PA,Atendimento,61772,Detrator
SRV-000342,2025-09-01,9,MS,Preço,69670,Promotor
SRV-000343,2025-04-23,2,PR,Qualidade do Produto,83133,Detrator
SRV-000344,2025-07-20,7,PR,Preço,41261,Neutro
SRV-000345,2025-11-10,7,PA,Preço,67154,Neutro
SRV-000346,2025-09-16,1,MS,Atendimento,16107,Detrator
SRV-000347,2025-09-12,5,MS,Qualidade do Produto,45561,Detrator
SRV-000348,2025-01-23,6,AM,Variedade,86674,Detrator
SRV-000349,2025-09-03,1,RJ,Variedade,45268,Detrator
SRV-000350,2025-12-05,10,MS,Tempo de Entrega,41608,Promotor
SRV-000351,2025-11-07,9,MT,Preço,23138,Promotor
SRV-000352,2025-11-14,1,MG,Tempo de Entrega,47693,Detrator
SRV-000353,2025-03-28,9,CE,Atendimento,93000,Promotor
SRV-000354,2025-08-07,0,PE,Variedade,31248,Detrator
SRV-000355,2025-12-22,7,RS,Preço,28632,Neutro
SRV-000356,2025-01-27,0,SP,Atendimento,57547,Detrator
SRV-000357,2025-10-17,8,MG,Atendimento,22100,Neutro
SRV-000358,2025-10-16,10,MS,Preço,57930,Promotor
SRV-000359,2025-12-14,5,RJ,Atendimento,76861,Detrator
SRV-000360,2025-08-11,6,SP,Preço,86905,Detrator
SRV-000361,2025-12-18,9,PE,Preço,63025,Promotor
SRV-000362,2025-06-27,6,BA,Qualidade do Produto,85876,Detrator
SRV-000363,2025-05-28,9,PA,Tempo de Entrega,88944,Promotor
SRV-000364,2025-08-15,2,PR,Atendimento,60840,Detrator
SRV-000365,2025-12-17,1,MT,Atendimento,29369,Detrator
SRV-000366,2025-07-05,8,MS,Qualidade do Produto,28460,Neutro
SRV-000367,2025-10-21,7,RJ,Qualidade do Produto,11461,Neutro
SRV-000368,2025-02-10,9,SP,Qualidade do Produto,52362,Promotor
SRV-000369,2025-07-10,6,RS,Variedade,38610,Detrator
SRV-000370,2025-03-20,8,GO,Variedade,30995,Neutro
SRV-000371,2025-07-24,3,MT,Variedade,94716,Detrator
SRV-000372,2025-10-05,3,MT,Preço,17717,Detrator
SRV-000373,2025-09-29,0,PA,Atendimento,88867,Detrator
SRV-000374,2025-02-01,7,RJ,Tempo de Entrega,89472,Neutro
SRV-000375,2025-05-22,2,SP,Preço,74022,Detrator
SRV-000376,2025-09-08,6,RJ,Atendimento,63668,Detrator
SRV-000377,2025-10-21,1,RS,Atendimento,61645,Detrator
SRV-000378,2025-04-08,1,RS,Qualidade do Produto,39550,Detrator
SRV-000379,2025-05-16,6,CE,Qualidade do Produto,96151,Detrator
SRV-000380,2025-10-04,5,SC,Preço,13576,Detrator
SRV-000381,2025-11-08,2,PR,Qualidade do Produto,50868,Detrator
SRV-000382,2025-10-29,8,MG,Atendimento,56380,Neutro
SRV-000383,2025-02-12,9,AM,Qualidade do Produto,15728,Promotor
SRV-000384,2025-04-30,5,MS,Variedade,42800,Detrator
SRV-000385,2025-08-08,9,MG,Qualidade do Produto,20886,Promotor
SRV-000386,2025-02-15,9,MT,Atendimento,89614,Promotor
SRV-000387,2025-08-24,5,GO,Preço,79909,Detrator
SRV-000388,2025-02-17,0,MS,Tempo de Entrega,57236,Detrator
SRV-000389,2025-07-17,3,PE,Qualidade do Produto,55805,Detrator
SRV-000390,2025-03-25,9,ES,Atendimento,42532,Promotor
SRV-000391,2025-01-31,5,PE,Tempo de Entrega,38688,Detrator
SRV-000392,2025-06-10,5,ES,Tempo de Entrega,21063,Detrator
SRV-000393,2025-03-12,10,RJ,Variedade,33089,Promotor
SRV-000394,2025-01-08,4,PA,Tempo de Entrega,65942,Detrator
SRV-000395,2025-02-21,0,ES,Atendimento,61829,Detrator
SRV-000396,2025-02-14,7,SC,Atendimento,60553,Neutro
SRV-000397,2025-10-20,4,SC,Qualidade do Produto,43585,Detrator
SRV-000398,2025-10-27,4,PR,Qualidade do Produto,81739,Detrator
SRV-000399,2025-02-07,6,PA,Qualidade do Produto,69004,Detrator
SRV-000400,2025-12-21,3,PA,Tempo de Entrega,12438,Detrator
SRV-000401,2025-08-19,5,SP,Tempo de Entrega,33212,Detrator
SRV-000402,2025-09-19,3,MG,Variedade,60362,Detrator
SRV-000403,2025-03-09,2,PR,Qualidade do Produto,82177,Detrator
SRV-000404,2025-06-28,6,SC,Preço,26983,Detrator
SRV-000405,2025-12-23,7,AM,Variedade,24026,Neutro
SRV-000406,2025-07-05,3,SP,Preço,60998,Detrator
SRV-000407,2025-07-20,1,AM,Tempo de Entrega,65744,Detrator
SRV-000408,2025-01-13,9,AM,Variedade,67013,Promotor
SRV-000409,2025-08-02,2,PE,Variedade,61039,Detrator
SRV-000410,2025-08-08,0,AM,Atendimento,59831,Detrator
SRV-000411,2025-10-13,7,MG,Tempo de Entrega,95172,Neutro
SRV-000412,2025-09-01,2,CE,Tempo de Entrega,44603,Detrator
SRV-000413,2025-12-22,9,GO,Variedade,87758,Promotor
SRV-000414,2025-09-15,6,MG,Tempo de Entrega,77713,Detrator
SRV-000415,2025-02-27,9,MT,Variedade,23105,Promotor
SRV-000416,2025-02-05,4,RJ,Atendimento,77182,Detrator
SRV-000417,2025-11-24,9,BA,Variedade,62147,Promotor
SRV-000418,2025-07-12,4,PA,Tempo de Entrega,85400,Detrator
SRV-000419,2025-11-29,6,GO,Tempo de Entrega,56434,Detrator
SRV-000420,2025-02-19,8,MG,Variedade,36515,Neutro
SRV-000421,2025-02-01,4,SC,Variedade,99298,Detrator
SRV-000422,2025-04-08,0,RJ,Variedade,68001,Detrator
SRV-000423,2025-02-12,9,RS,Qualidade do Produto,68397,Promotor
SRV-000424,2025-12-17,9,GO,Tempo de Entrega,71415,Promotor
SRV-000425,2025-11-30,0,ES,Tempo de Entrega,26960,Detrator
SRV-000426,2025-11-06,1,PE,Qualidade do Produto,91838,Detrator
SRV-000427,2025-02-16,5,AM,Variedade,55778,Detrator
SRV-000428,2025-09-27,8,CE,Atendimento,40941,Neutro
SRV-000429,2025-11-07,7,PE,Variedade,50955,Neutro
SRV-000430,2025-03-04,4,RS,Variedade,88565,Detrator
SRV-000431,2025-01-19,0,PA,Qualidade do Produto,66908,Detrator
SRV-000432,2025-12-13,6,MS,Tempo de Entrega,74067,Detrator
SRV-000433,2025-04-11,4,BA,Variedade,65696,Detrator
SRV-000434,2025-02-06,5,MG,Tempo de Entrega,28429,Detrator
SRV-000435,2025-04-17,6,MT,Preço,86676,Detrator
SRV-000436,2025-04-02,2,PR,Tempo de Entrega,24847,Detrator
SRV-000437,2025-11-04,9,RJ,Atendimento,57191,Promotor
SRV-000438,2025-07-04,2,CE,Atendimento,44256,Detrator
SRV-000439,2025-08-04,4,RS,Variedade,38774,Detrator
SRV-000440,2025-01-28,5,GO,Tempo de Entrega,19127,Detrator
SRV-000441,2025-02-05,8,BA,Variedade,38205,Neutro
SRV-000442,2025-11-16,4,PE,Qualidade do Produto,91163,Detrator
SRV-000443,2025-01-18,0,MT,Atendimento,68764,Detrator
SRV-000444,2025-12-11,3,MT,Variedade,48664,Detrator
SRV-000445,2025-07-15,4,RS,Qualidade do Produto,66795,Detrator
SRV-000446,2025-03-19,9,CE,Variedade,42333,Promotor
SRV-000447,2025-06-16,9,PA,Tempo de Entrega,46079,Promotor
SRV-000448,2025-03-31,4,CE,Tempo de Entrega,94225,Detrator
SRV-000449,2025-09-21,6,GO,Tempo de Entrega,34259,Detrator
SRV-000450,2025-07-27,3,BA,Tempo de Entrega,36571,Detrator
SRV-000451,2025-07-31,0,MS,Preço,61119,Detrator
SRV-000452,2025-09-28,4,PE,Qualidade do Produto,18009,Detrator
SRV-000453,2025-09-20,6,SC,Qualidade do Produto,71829,Detrator
SRV-000454,2025-09-30,9,MS,Tempo de Entrega,48230,Promotor
SRV-000455,2025-12-08,9,MS,Preço,66049,Promotor
SRV-000456,2025-08-02,5,CE,Tempo de Entrega,46498,Detrator
SRV-000457,2025-03-05,4,RJ,Preço,38820,Detrator
SRV-000458,2025-01-12,3,RJ,Tempo de Entrega,50315,Detrator
SRV-000459,2025-07-29,1,ES,Atendimento,42795,Detrator
SRV-000460,2025-11-08,3,PA,Atendimento,95411,Detrator
SRV-000461,2025-06-23,9,PE,Variedade,49191,Promotor
SRV-000462,2025-09-13,9,RS,Tempo de Entrega,64453,Promotor
SRV-000463,2025-04-11,2,RJ,Qualidade do Produto,22453,Detrator
SRV-000464,2025-01-16,9,BA,Variedade,60325,Promotor
SRV-000465,2025-07-16,0,MT,Atendimento,59490,Detrator
SRV-000466,2025-09-15,7,RS,Tempo de Entrega,84796,Neutro
SRV-000467,2025-09-01,4,PE,Variedade,59993,Detrator
SRV-000468,2025-12-14,3,BA,Tempo de Entrega,55706,Detrator
SRV-000469,2025-09-06,7,MG,Atendimento,52817,Neutro
SRV-000470,2025-04-15,6,SP,Variedade,74544,Detrator
SRV-000471,2025-07-01,1,RJ,Atendimento,65710,Detrator
SRV-000472,2025-06-04,0,PA,Preço,60799,Detrator
SRV-000473,2025-10-14,10,AM,Atendimento,70964,Promotor
SRV-000474,2025-06-18,3,GO,Tempo de Entrega,63678,Detrator
SRV-000475,2025-02-16,7,RJ,Qualidade do Produto,81150,Neutro
SRV-000476,2025-02-12,1,ES,Atendimento,70438,Detrator
SRV-000477,2025-11-17,2,SC,Qualidade do Produto,87223,Detrator
SRV-000478,2025-11-02,0,ES,Preço,71926,Detrator
SRV-000479,2025-08-09,0,PE,Variedade,13801,Detrator
SRV-000480,2025-01-01,2,ES,Variedade,51048,Detrator
SRV-000481,2025-07-19,10,SC,Qualidade do Produto,50144,Promotor
SRV-000482,2025-05-24,4,SC,Variedade,20148,Detrator
SRV-000483,2025-01-28,2,CE,Atendimento,92819,Detrator
SRV-000484,2025-12-08,0,MT,Qualidade do Produto,29861,Detrator
SRV-000485,2025-12-04,0,CE,Tempo de Entrega,71717,Detrator
SRV-000486,2025-10-05,7,SP,Atendimento,32480,Neutro
SRV-000487,2025-02-10,9,BA,Atendimento,28637,Promotor
SRV-000488,2025-11-28,10,MS,Atendimento,54621,Promotor
SRV-000489,2025-05-27,1,MG,Tempo de Entrega,70304,Detrator
SRV-000490,2025-12-11,2,PA,Preço,57431,Detrator
SRV-000491,2025-06-27,1,GO,Variedade,98921,Detrator
SRV-000492,2025-11-11,2,SC,Qualidade do Produto,66172,Detrator
SRV-000493,2025-11-21,6,MG,Preço,35437,Detrator
SRV-000494,2025-06-16,0,PA,Qualidade do Produto,18149,Detrator
SRV-000495,2025-05-03,9,MT,Variedade,24671,Promotor
SRV-000496,2025-03-15,7,RJ,Tempo de Entrega,33119,Neutro
SRV-000497,2025-08-27,9,PA,Atendimento,56117,Promotor
SRV-000498,2025-09-06,9,PR,Atendimento,26279,Promotor
SRV-000499,2025-09-20,9,AM,Tempo de Entrega,78835,Promotor
SRV-000500,2025-09-09,1,SP,Preço,14803,Detrator
SRV-000501,2025-12-23,2,PE,Preço,92897,Detrator
SRV-000502,2025-04-21,8,MT,Qualidade do Produto,70805,Neutro
SRV-000503,2025-06-29,6,RS,Tempo de Entrega,28201,Detrator
SRV-000504,2025-07-07,3,MG,Preço,38634,Detrator
SRV-000505,2025-11-04,9,ES,Tempo de Entrega,24760,Promotor
SRV-000506,2025-07-26,4,GO,Variedade,20826,Detrator
SRV-000507,2025-08-22,1,SC,Atendimento,96821,Detrator
SRV-000508,2025-01-24,10,MG,Atendimento,55775,Promotor
SRV-000509,2025-01-26,7,MS,Atendimento,84676,Neutro
SRV-000510,2025-08-06,3,RS,Tempo de Entrega,16798,Detrator
SRV-000511,2025-12-12,8,GO,Tempo de Entrega,76103,Neutro
SRV-000512,2025-01-10,4,SC,Qualidade do Produto,87160,Detrator
SRV-000513,2025-01-17,8,PE,Atendimento,87751,Neutro
SRV-000514,2025-09-02,3,MS,Qualidade do Produto,83502,Detrator
SRV-000515,2025-07-25,9,PA,Atendimento,61410,Promotor
SRV-000516,2025-09-15,4,PR,Qualidade do Produto,50888,Detrator
SRV-000517,2025-04-22,8,ES,Qualidade do Produto,59047,Neutro
SRV-000518,2025-07-24,7,MG,Variedade,55955,Neutro
SRV-000519,2025-01-27,2,CE,Qualidade do Produto,11982,Detrator
SRV-000520,2025-03-12,0,SP,Tempo de Entrega,43864,Detrator
SRV-000521,2025-06-25,2,MG,Qualidade do Produto,89118,Detrator
SRV-000522,2025-07-21,3,MG,Atendimento,95490,Detrator
SRV-000523,2025-09-05,1,RS,Qualidade do Produto,49265,Detrator
SRV-000524,2025-04-28,0,RS,Preço,56313,Detrator
SRV-000525,2025-01-09,6,GO,Atendimento,54350,Detrator
SRV-000526,2025-03-27,7,PA,Preço,25378,Neutro
SRV-000527,2025-01-23,6,MS,Atendimento,79815,Detrator
SRV-000528,2025-08-28,4,SP,Tempo de Entrega,37924,Detrator
SRV-000529,2025-03-14,0,MG,Tempo de Entrega,92593,Detrator
SRV-000530,2025-01-27,6,GO,Tempo de Entrega,17312,Detrator
SRV-000531,2025-12-15,6,BA,Preço,40353,Detrator
SRV-000532,2025-03-22,8,PE,Variedade,96450,Neutro
SRV-000533,2025-03-25,2,RS,Atendimento,26192,Detrator
SRV-000534,2025-07-18,8,RS,Tempo de Entrega,27450,Neutro
SRV-000535,2025-02-12,0,MS,Atendimento,15432,Detrator
SRV-000536,2025-09-20,0,PA,Preço,67225,Detrator
SRV-000537,2025-04-02,3,MT,Variedade,88711,Detrator
SRV-000538,2025-12-05,8,BA,Preço,75604,Neutro
SRV-000539,2025-03-25,5,SC,Atendimento,20295,Detrator
SRV-000540,2025-10-27,10,MT,Variedade,16774,Promotor
SRV-000541,2025-10-23,2,MG,Variedade,22190,Detrator
SRV-000542,2025-05-15,0,PA,Preço,41286,Detrator
SRV-000543,2025-10-08,3,SP,Tempo de Entrega,86325,Detrator
SRV-000544,2025-02-28,8,RS,Atendimento,82427,Neutro
SRV-000545,2025-12-25,2,SP,Qualidade do Produto,97513,Detrator
SRV-000546,2025-12-08,8,SP,Qualidade do Produto,74014,Neutro
SRV-000547,2025-08-29,6,PE,Preço,85852,Detrator
SRV-000548,2025-12-08,3,GO,Atendimento,65256,Detrator
SRV-000549,2025-04-08,2,CE,Atendimento,68630,Detrator
SRV-000550,2025-03-03,9,RS,Preço,72771,Promotor
SRV-000551,2025-09-21,4,GO,Atendimento,61715,Detrator
SRV-000552,2025-04-23,4,MT,Tempo de Entrega,17466,Detrator
SRV-000553,2025-05-26,2,GO,Preço,27637,Detrator
SRV-000554,2025-08-04,8,ES,Tempo de Entrega,78745,Neutro
SRV-000555,2025-09-13,3,SC,Atendimento,46317,Detrator
SRV-000556,2025-11-12,10,SP,Preço,59766,Promotor
SRV-000557,2025-11-12,4,RS,Atendimento,13078,Detrator
SRV-000558,2025-12-28,3,MS,Preço,37299,Detrator
SRV-000559,2025-09-15,4,PA,Atendimento,13543,Detrator
SRV-000560,2025-07-13,6,SC,Tempo de Entrega,61052,Detrator
SRV-000561,2025-12-13,8,ES,Tempo de Entrega,32064,Neutro
SRV-000562,2025-01-14,6,RS,Atendimento,82287,Detrator
SRV-000563,2025-10-31,4,MG,Preço,90442,Detrator
SRV-000564,2025-04-13,9,SP,Qualidade do Produto,93632,Promotor
SRV-000565,2025-09-02,9,ES,Tempo de Entrega,24425,Promotor
SRV-000566,2025-09-02,6,MG,Tempo de Entrega,61481,Detrator
SRV-000567,2025-11-08,9,SP,Qualidade do Produto,87347,Promotor
SRV-000568,2025-09-25,4,RJ,Atendimento,93114,Detrator
SRV-000569,2025-08-12,2,MT,Preço,82317,Detrator
SRV-000570,2025-08-08,6,PR,Atendimento,96826,Detrator
SRV-000571,2025-11-07,10,PA,Variedade,60530,Promotor
SRV-000572,2025-08-05,10,BA,Tempo de Entrega,91099,Promotor
SRV-000573,2025-01-04,1,SP,Variedade,35888,Detrator
SRV-000574,2025-02-05,8,ES,Tempo de Entrega,37491,Neutro
SRV-000575,2025-06-27,9,AM,Tempo de Entrega,42352,Promotor
SRV-000576,2025-09-14,9,ES,Variedade,31676,Promotor
SRV-000577,2025-01-17,0,PR,Variedade,75836,Detrator
SRV-000578,2025-07-18,5,RS,Atendimento,47463,Detrator
SRV-000579,2025-11-14,6,GO,Variedade,58990,Detrator
SRV-000580,2025-02-17,7,MS,Atendimento,96544,Neutro
SRV-000581,2025-03-03,9,BA,Atendimento,73627,Promotor
SRV-000582,2025-03-10,8,PA,Atendimento,30221,Neutro
SRV-000583,2025-05-27,1,SC,Tempo de Entrega,95837,Detrator
SRV-000584,2025-12-25,10,SP,Tempo de Entrega,82843,Promotor
SRV-000585,2025-06-11,9,RS,Variedade,61313,Promotor
SRV-000586,2025-08-15,1,MG,Tempo de Entrega,39251,Detrator
SRV-000587,2025-12-13,4,PA,Variedade,56586,Detrator
SRV-000588,2025-08-18,4,GO,Tempo de Entrega,84418,Detrator
SRV-000589,2025-06-27,5,GO,Preço,63884,Detrator
SRV-000590,2025-12-11,2,GO,Preço,62620,Detrator
SRV-000591,2025-02-25,7,SC,Variedade,20040,Neutro
SRV-000592,2025-03-19,0,PA,Tempo de Entrega,81677,Detrator
SRV-000593,2025-09-27,5,BA,Tempo de Entrega,55878,Detrator
SRV-000594,2025-07-25,3,RS,Atendimento,15969,Detrator
SRV-000595,2025-10-08,0,CE,Qualidade do Produto,23162,Detrator
SRV-000596,2025-08-16,6,SC,Variedade,75435,Detrator
SRV-000597,2025-08-27,8,PE,Qualidade do Produto,84667,Neutro
SRV-000598,2025-10-15,3,PE,Qualidade do Produto,15037,Detrator
SRV-000599,2025-03-23,3,SP,Variedade,70526,Detrator
SRV-000600,2025-11-30,5,SP,Tempo de Entrega,97914,Detrator
SRV-000601,2025-09-07,2,SP,Variedade,24693,Detrator
SRV-000602,2025-07-12,5,BA,Qualidade do Produto,69090,Detrator
SRV-000603,2025-04-16,6,MS,Tempo de Entrega,12451,Detrator
SRV-000604,2025-07-08,10,GO,Preço,75560,Promotor
SRV-000605,2025-10-03,9,AM,Variedade,15962,Promotor
SRV-000606,2025-03-15,9,MS,Variedade,99552,Promotor
SRV-000607,2025-01-10,2,AM,Tempo de Entrega,26444,Detrator
SRV-000608,2025-05-03,6,CE,Preço,50443,Detrator
SRV-000609,2025-08-04,2,RS,Preço,26506,Detrator
SRV-000610,2025-10-17,1,MG,Tempo de Entrega,48384,Detrator
SRV-000611,2025-02-09,9,GO,Atendimento,34248,Promotor
SRV-000612,2025-07-12,3,RJ,Variedade,56162,Detrator
SRV-000613,2025-05-07,7,ES,Variedade,52690,Neutro
SRV-000614,2025-10-16,8,MG,Qualidade do Produto,79625,Neutro
SRV-000615,2025-03-12,6,RS,Tempo de Entrega,78008,Detrator
SRV-000616,2025-05-17,0,CE,Qualidade do Produto,70309,Detrator
SRV-000617,2025-05-24,2,PA,Qualidade do Produto,53237,Detrator
SRV-000618,2025-12-20,8,PA,Preço,45732,Neutro
SRV-000619,2025-10-26,0,BA,Variedade,18104,Detrator
SRV-000620,2025-12-11,8,SC,Qualidade do Produto,93230,Neutro
SRV-000621,2025-09-26,7,MG,Preço,44980,Neutro
SRV-000622,2025-05-19,0,SC,Tempo de Entrega,84990,Detrator
SRV-000623,2025-02-21,5,PA,Qualidade do Produto,49560,Detrator
SRV-000624,2025-01-17,4,RJ,Variedade,19554,Detrator
SRV-000625,2025-06-14,5,PA,Qualidade do Produto,55987,Detrator
SRV-000626,2025-01-13,9,MS,Tempo de Entrega,40985,Promotor
SRV-000627,2025-07-09,4,RS,Qualidade do Produto,58167,Detrator
SRV-000628,2025-12-06,5,AM,Variedade,50428,Detrator
SRV-000629,2025-12-19,4,MT,Preço,77238,Detrator
SRV-000630,2025-12-28,10,CE,Variedade,72723,Promotor
SRV-000631,2025-12-18,4,AM,Preço,27038,Detrator
SRV-000632,2025-09-21,3,RS,Atendimento,32219,Detrator
SRV-000633,2025-11-08,2,ES,Variedade,14271,Detrator
SRV-000634,2025-08-09,2,GO,Variedade,37397,Detrator
SRV-000635,2025-04-14,3,BA,Tempo de Entrega,84491,Detrator
SRV-000636,2025-12-05,8,ES,Qualidade do Produto,39602,Neutro
SRV-000637,2025-07-17,1,RS,Preço,64471,Detrator
SRV-000638,2025-10-27,8,ES,Preço,72150,Neutro
SRV-000639,2025-12-25,0,GO,Tempo de Entrega,54227,Detrator
SRV-000640,2025-06-18,0,MS,Tempo de Entrega,33116,Detrator
SRV-000641,2025-05-29,4,PR,Qualidade do Produto,16674,Detrator
SRV-000642,2025-09-06,5,RS,Qualidade do Produto,27469,Detrator
SRV-000643,2025-09-13,5,GO,Variedade,15446,Detrator
SRV-000644,2025-02-11,2,AM,Atendimento,30760,Detrator
SRV-000645,2025-07-21,6,AM,Qualidade do Produto,11963,Detrator
SRV-000646,2025-09-01,8,GO,Tempo de Entrega,86002,Neutro
SRV-000647,2025-06-06,10,CE,Qualidade do Produto,37262,Promotor
SRV-000648,2025-10-13,9,MG,Preço,15177,Promotor
SRV-000649,2025-10-09,7,CE,Atendimento,21160,Neutro
SRV-000650,2025-08-26,5,PR,Variedade,17543,Detrator
SRV-000651,2025-01-19,7,MT,Preço,92162,Neutro
SRV-000652,2025-02-22,4,AM,Preço,49278,Detrator
SRV-000653,2025-03-26,7,MG,Atendimento,39607,Neutro
SRV-000654,2025-09-30,9,PR,Variedade,95835,Promotor
SRV-000655,2025-12-26,3,AM,Tempo de Entrega,27221,Detrator
SRV-000656,2025-08-01,9,MG,Variedade,13323,Promotor
SRV-000657,2025-12-27,7,MT,Qualidade do Produto,62105,Neutro
SRV-000658,2025-04-14,9,CE,Preço,86151,Promotor
SRV-000659,2025-07-11,1,MT,Qualidade do Produto,76968,Detrator
SRV-000660,2025-06-26,4,RS,Tempo de Entrega,33238,Detrator
SRV-000661,2025-05-27,8,GO,Qualidade do Produto,73830,Neutro
SRV-000662,2025-03-22,3,SP,Variedade,83967,Detrator
SRV-000663,2025-07-12,10,PE,Qualidade do Produto,18330,Promotor
SRV-000664,2025-02-06,5,PE,Tempo de Entrega,54153,Detrator
SRV-000665,2025-11-22,0,PR,Tempo de Entrega,18611,Detrator
SRV-000666,2025-06-03,8,PE,Tempo de Entrega,23872,Neutro
SRV-000667,2025-05-10,0,CE,Variedade,59455,Detrator
SRV-000668,2025-02-28,4,GO,Tempo de Entrega,44930,Detrator
SRV-000669,2025-08-12,3,PA,Preço,82022,Detrator
SRV-000670,2025-09-06,2,SC,Tempo de Entrega,72714,Detrator
SRV-000671,2025-08-28,5,PA,Qualidade do Produto,98794,Detrator
SRV-000672,2025-10-20,1,PR,Qualidade do Produto,58716,Detrator
SRV-000673,2025-10-14,2,GO,Qualidade do Produto,76704,Detrator
SRV-000674,2025-07-23,4,MG,Variedade,10415,Detrator
SRV-000675,2025-04-09,8,MT,Qualidade do Produto,86441,Neutro
SRV-000676,2025-12-16,1,MT,Variedade,80779,Detrator
SRV-000677,2025-06-25,9,BA,Variedade,92069,Promotor
SRV-000678,2025-09-19,7,ES,Tempo de Entrega,98444,Neutro
SRV-000679,2025-09-28,1,CE,Preço,81435,Detrator
SRV-000680,2025-05-23,10,GO,Tempo de Entrega,19888,Promotor
SRV-000681,2025-07-08,4,PA,Tempo de Entrega,55299,Detrator
SRV-000682,2025-09-29,6,GO,Variedade,68765,Detrator
SRV-000683,2025-01-20,7,MG,Variedade,72714,Neutro
SRV-000684,2025-11-29,0,GO,Qualidade do Produto,25935,Detrator
SRV-000685,2025-10-27,5,SC,Qualidade do Produto,83002,Detrator
SRV-000686,2025-02-15,0,BA,Tempo de Entrega,90631,Detrator
SRV-000687,2025-04-05,1,GO,Atendimento,86729,Detrator
SRV-000688,2025-03-05,0,PA,Atendimento,11320,Detrator
SRV-000689,2025-05-11,10,PE,Qualidade do Produto,56032,Promotor
SRV-000690,2025-01-09,4,AM,Atendimento,87763,Detrator
SRV-000691,2025-07-22,9,SC,Qualidade do Produto,27907,Promotor
SRV-000692,2025-10-25,8,PR,Variedade,48002,Neutro
SRV-000693,2025-06-23,5,MS,Tempo de Entrega,54838,Detrator
SRV-000694,2025-03-14,10,MT,Preço,48912,Promotor
SRV-000695,2025-03-25,10,RJ,Tempo de Entrega,10552,Promotor
SRV-000696,2025-02-28,0,RJ,Qualidade do Produto,30140,Detrator
SRV-000697,2025-01-21,0,PE,Qualidade do Produto,95591,Detrator
SRV-000698,2025-06-06,1,RJ,Tempo de Entrega,58737,Detrator
SRV-000699,2025-11-15,8,RJ,Qualidade do Produto,43367,Neutro
SRV-000700,2025-11-25,2,MG,Atendimento,90634,Detrator
SRV-000701,2025-03-02,0,MG,Atendimento,34061,Detrator
SRV-000702,2025-03-05,4,ES,Qualidade do Produto,90336,Detrator
SRV-000703,2025-11-21,6,RS,Qualidade do Produto,52124,Detrator
SRV-000704,2025-06-17,5,PE,Atendimento,55638,Detrator
SRV-000705,2025-07-22,0,RJ,Qualidade do Produto,11982,Detrator
SRV-000706,2025-05-09,4,ES,Qualidade do Produto,45765,Detrator
SRV-000707,2025-09-02,4,PE,Tempo de Entrega,92606,Detrator
SRV-000708,2025-04-16,5,AM,Preço,64681,Detrator
SRV-000709,2025-11-17,2,RJ,Atendimento,73232,Detrator
SRV-000710,2025-05-02,4,CE,Tempo de Entrega,72349,Detrator
SRV-000711,2025-11-14,6,MT,Preço,73474,Detrator
SRV-000712,2025-07-01,4,GO,Qualidade do Produto,39513,Detrator
SRV-000713,2025-04-13,4,SP,Qualidade do Produto,32592,Detrator
SRV-000714,2025-11-12,4,CE,Tempo de Entrega,33618,Detrator
SRV-000715,2025-10-29,9,BA,Qualidade do Produto,61632,Promotor
SRV-000716,2025-09-18,9,PE,Variedade,25409,Promotor
SRV-000717,2025-04-23,2,RS,Tempo de Entrega,19529,Detrator
SRV-000718,2025-03-11,0,BA,Preço,34154,Detrator
SRV-000719,2025-06-09,4,ES,Tempo de Entrega,42882,Detrator
SRV-000720,2025-08-28,8,ES,Atendimento,54917,Neutro
SRV-000721,2025-01-11,0,GO,Tempo de Entrega,92488,Detrator
SRV-000722,2025-05-18,2,RJ,Qualidade do Produto,25701,Detrator
SRV-000723,2025-06-16,3,BA,Qualidade do Produto,85281,Detrator
SRV-000724,2025-09-04,0,PA,Variedade,99871,Detrator
SRV-000725,2025-12-20,0,MT,Variedade,78225,Detrator
SRV-000726,2025-01-31,7,RJ,Variedade,62492,Neutro
SRV-000727,2025-01-12,1,PE,Preço,12988,Detrator
SRV-000728,2025-08-31,7,AM,Variedade,45919,Neutro
SRV-000729,2025-04-18,6,ES,Preço,58426,Detrator
SRV-000730,2025-12-02,9,SP,Variedade,62167,Promotor
SRV-000731,2025-11-19,9,GO,Preço,19013,Promotor
SRV-000732,2025-07-13,1,ES,Tempo de Entrega,49113,Detrator
SRV-000733,2025-11-04,5,MG,Tempo de Entrega,13574,Detrator
SRV-000734,2025-05-13,5,MS,Qualidade do Produto,17838,Detrator
SRV-000735,2025-10-08,2,SC,Preço,41368,Detrator
SRV-000736,2025-10-18,10,RS,Atendimento,42228,Promotor
SRV-000737,2025-06-12,1,BA,Qualidade do Produto,59711,Detrator
SRV-000738,2025-10-05,0,RJ,Tempo de Entrega,56097,Detrator
SRV-000739,2025-07-22,5,SC,Preço,65773,Detrator
SRV-000740,2025-04-06,4,PA,Variedade,38639,Detrator
SRV-000741,2025-08-11,10,SC,Atendimento,24823,Promotor
SRV-000742,2025-08-25,8,CE,Tempo de Entrega,33510,Neutro
SRV-000743,2025-04-27,0,MS,Qualidade do Produto,48333,Detrator
SRV-000744,2025-07-11,6,PR,Preço,14435,Detrator
SRV-000745,2025-10-03,4,CE,Atendimento,48418,Detrator
SRV-000746,2025-04-16,4,CE,Preço,67955,Detrator
SRV-000747,2025-01-04,1,RS,Variedade,69507,Detrator
SRV-000748,2025-01-18,10,MG,Qualidade do Produto,61033,Promotor
SRV-000749,2025-11-03,2,ES,Preço,96089,Detrator
SRV-000750,2025-01-20,6,CE,Tempo de Entrega,82972,Detrator
SRV-000751,2025-05-02,5,GO,Qualidade do Produto,57219,Detrator
SRV-000752,2025-05-17,1,PE,Tempo de Entrega,44477,Detrator
SRV-000753,2025-03-21,5,ES,Preço,99780,Detrator
SRV-000754,2025-06-03,1,MG,Qualidade do Produto,52721,Detrator
SRV-000755,2025-12-24,1,AM,Tempo de Entrega,77228,Detrator
SRV-000756,2025-01-25,1,RJ,Variedade,25523,Detrator
SRV-000757,2025-06-18,10,PR,Variedade,42326,Promotor
SRV-000758,2025-02-28,2,ES,Preço,52205,Detrator
SRV-000759,2025-10-28,1,GO,Qualidade do Produto,10125,Detrator
SRV-000760,2025-02-10,3,GO,Atendimento,76735,Detrator
SRV-000761,2025-02-07,8,BA,Qualidade do Produto,26375,Neutro
SRV-000762,2025-04-27,5,RS,Variedade,12711,Detrator
SRV-000763,2025-10-02,0,SC,Tempo de Entrega,42437,Detrator
SRV-000764,2025-09-27,7,MT,Atendimento,38022,Neutro
SRV-000765,2025-05-07,6,MS,Preço,19182,Detrator
SRV-000766,2025-01-03,9,RJ,Atendimento,98148,Promotor
SRV-000767,2025-10-20,2,MG,Preço,81531,Detrator
SRV-000768,2025-01-16,0,CE,Atendimento,50950,Detrator
SRV-000769,2025-09-22,4,PE,Preço,22920,Detrator
SRV-000770,2025-08-27,3,GO,Preço,32144,Detrator
SRV-000771,2025-09-20,9,PE,Atendimento,94418,Promotor
SRV-000772,2025-05-14,7,PA,Atendimento,12565,Neutro
SRV-000773,2025-08-01,0,PR,Preço,98909,Detrator
SRV-000774,2025-01-15,9,AM,Variedade,63942,Promotor
SRV-000775,2025-11-24,0,MG,Atendimento,80560,Detrator
SRV-000776,2025-12-26,3,RJ,Qualidade do Produto,34691,Detrator
SRV-000777,2025-05-09,7,BA,Tempo de Entrega,43799,Neutro
SRV-000778,2025-12-18,4,PA,Preço,76777,Detrator
SRV-000779,2025-05-02,1,SC,Preço,44510,Detrator
SRV-000780,2025-08-29,5,CE,Tempo de Entrega,97919,Detrator
SRV-000781,2025-04-25,4,MT,Variedade,87366,Detrator
SRV-000782,2025-07-16,1,MS,Tempo de Entrega,38975,Detrator
SRV-000783,2025-08-10,10,RS,Atendimento,63242,Promotor
SRV-000784,2025-08-02,10,SP,Tempo de Entrega,56546,Promotor
SRV-000785,2025-03-21,10,SP,Preço,33267,Promotor
SRV-000786,2025-09-20,2,CE,Tempo de Entrega,87911,Detrator
SRV-000787,2025-05-15,8,RJ,Qualidade do Produto,97049,Neutro
SRV-000788,2025-11-02,6,CE,Atendimento,79939,Detrator
SRV-000789,2025-08-30,6,PA,Tempo de Entrega,14897,Detrator
SRV-000790,2025-10-30,10,MG,Preço,10163,Promotor
SRV-000791,2025-09-27,5,MS,Atendimento,62540,Detrator
SRV-000792,2025-10-14,7,SP,Preço,92915,Neutro
SRV-000793,2025-02-19,3,AM,Variedade,40030,Detrator
SRV-000794,2025-07-08,7,PR,Qualidade do Produto,65313,Neutro
SRV-000795,2025-10-24,3,PA,Variedade,39870,Detrator
SRV-000796,2025-01-14,7,PA,Qualidade do Produto,39482,Neutro
SRV-000797,2025-08-20,8,MG,Tempo de Entrega,41058,Neutro
SRV-000798,2025-09-18,2,SP,Atendimento,67255,Detrator
SRV-000799,2025-07-11,2,BA,Tempo de Entrega,74930,Detrator
SRV-000800,2025-07-22,10,MS,Qualidade do Produto,60500,Promotor
SRV-000801,2025-09-18,1,MT,Qualidade do Produto,36379,Detrator
SRV-000802,2025-04-23,9,SC,Qualidade do Produto,77787,Promotor
SRV-000803,2025-12-18,2,PE,Preço,33674,Detrator
SRV-000804,2025-02-05,2,MG,Atendimento,16590,Detrator
SRV-000805,2025-03-20,4,PE,Tempo de Entrega,41432,Detrator
SRV-000806,2025-10-02,4,PE,Tempo de Entrega,50426,Detrator
SRV-000807,2025-10-05,1,PA,Variedade,59584,Detrator
SRV-000808,2025-06-11,9,MS,Qualidade do Produto,97663,Promotor
SRV-000809,2025-11-08,5,PA,Qualidade do Produto,48015,Detrator
SRV-000810,2025-01-17,4,GO,Qualidade do Produto,83251,Detrator
SRV-000811,2025-07-23,5,MS,Tempo de Entrega,79353,Detrator
SRV-000812,2025-01-17,0,SP,Variedade,92990,Detrator
SRV-000813,2025-07-21,4,MG,Preço,14600,Detrator
SRV-000814,2025-07-29,8,SC,Atendimento,34690,Neutro
SRV-000815,2025-03-19,9,BA,Preço,43762,Promotor
SRV-000816,2025-02-25,1,ES,Tempo de Entrega,47499,Detrator
SRV-000817,2025-03-21,0,PR,Qualidade do Produto,97988,Detrator
SRV-000818,2025-11-02,9,PE,Atendimento,17670,Promotor
SRV-000819,2025-02-27,10,SC,Tempo de Entrega,96687,Promotor
SRV-000820,2025-01-18,8,MS,Tempo de Entrega,27341,Neutro
SRV-000821,2025-07-27,9,RS,Tempo de Entrega,83823,Promotor
SRV-000822,2025-05-15,8,RS,Atendimento,94074,Neutro
SRV-000823,2025-11-28,8,ES,Atendimento,27015,Neutro
SRV-000824,2025-01-10,5,ES,Variedade,75126,Detrator
SRV-000825,2025-03-10,7,ES,Variedade,65197,Neutro
SRV-000826,2025-12-07,10,AM,Preço,59849,Promotor
SRV-000827,2025-03-24,0,PA,Atendimento,25852,Detrator
SRV-000828,2025-04-19,9,MT,Atendimento,65361,Promotor
SRV-000829,2025-02-13,3,PR,Atendimento,31258,Detrator
SRV-000830,2025-05-12,0,PR,Variedade,72355,Detrator
SRV-000831,2025-01-18,7,BA,Tempo de Entrega,51508,Neutro
SRV-000832,2025-04-03,0,PE,Qualidade do Produto,77784,Detrator
SRV-000833,2025-10-21,2,RJ,Variedade,81728,Detrator
SRV-000834,2025-05-28,3,MT,Atendimento,37410,Detrator
SRV-000835,2025-06-21,7,RS,Variedade,19895,Neutro
SRV-000836,2025-02-20,5,SP,Preço,81942,Detrator
SRV-000837,2025-01-19,9,SP,Atendimento,43924,Promotor
SRV-000838,2025-04-30,6,ES,Preço,80831,Detrator
SRV-000839,2025-11-20,7,CE,Atendimento,22264,Neutro
SRV-000840,2025-08-13,1,RS,Variedade,38038,Detrator
SRV-000841,2025-03-07,9,RJ,Tempo de Entrega,19136,Promotor
SRV-000842,2025-05-21,10,MT,Qualidade do Produto,23213,Promotor
SRV-000843,2025-07-08,7,RJ,Preço,87608,Neutro
SRV-000844,2025-06-07,2,SP,Variedade,37431,Detrator
SRV-000845,2025-04-08,6,CE,Tempo de Entrega,52290,Detrator
SRV-000846,2025-06-07,2,RJ,Variedade,77539,Detrator
SRV-000847,2025-09-03,6,GO,Preço,95535,Detrator
SRV-000848,2025-12-10,10,PA,Qualidade do Produto,52747,Promotor
SRV-000849,2025-08-24,1,RS,Variedade,85974,Detrator
SRV-000850,2025-02-02,9,PE,Atendimento,89763,Promotor
SRV-000851,2025-12-27,5,SC,Tempo de Entrega,79208,Detrator
SRV-000852,2025-08-29,2,CE,Variedade,82994,Detrator
SRV-000853,2025-11-26,2,RJ,Tempo de Entrega,94075,Detrator
SRV-000854,2025-12-04,8,MS,Atendimento,79015,Neutro
SRV-000855,2025-10-02,6,PA,Qualidade do Produto,24887,Detrator
SRV-000856,2025-03-12,4,CE,Qualidade do Produto,10051,Detrator
SRV-000857,2025-11-09,9,PA,Atendimento,77695,Promotor
SRV-000858,2025-08-04,6,CE,Tempo de Entrega,79926,Detrator
SRV-000859,2025-03-20,8,GO,Variedade,95571,Neutro
SRV-000860,2025-06-18,0,PE,Atendimento,38491,Detrator
SRV-000861,2025-10-25,6,RS,Preço,26080,Detrator
SRV-000862,2025-06-29,5,MT,Tempo de Entrega,44880,Detrator
SRV-000863,2025-04-26,9,SP,Qualidade do Produto,69965,Promotor
SRV-000864,2025-09-17,8,MS,Atendimento,57361,Neutro
SRV-000865,2025-09-17,0,PE,Qualidade do Produto,97685,Detrator
SRV-000866,2025-01-05,3,RJ,Tempo de Entrega,90875,Detrator
SRV-000867,2025-10-24,8,ES,Qualidade do Produto,76890,Neutro
SRV-000868,2025-04-18,3,PE,Atendimento,81156,Detrator
SRV-000869,2025-12-09,9,ES,Tempo de Entrega,79290,Promotor
SRV-000870,2025-12-26,2,MG,Preço,26593,Detrator
SRV-000871,2025-04-27,8,SP,Atendimento,26167,Neutro
SRV-000872,2025-12-23,1,RS,Variedade,98091,Detrator
SRV-000873,2025-11-27,3,PA,Atendimento,43005,Detrator
SRV-000874,2025-11-27,5,SC,Tempo de Entrega,75471,Detrator
SRV-000875,2025-01-13,1,CE,Atendimento,60728,Detrator
SRV-000876,2025-05-22,7,ES,Preço,18691,Neutro
SRV-000877,2025-07-07,7,SC,Preço,19756,Neutro
SRV-000878,2025-10-08,0,SC,Variedade,46308,Detrator
SRV-000879,2025-04-25,2,GO,Qualidade do Produto,74079,Detrator
SRV-000880,2025-08-24,9,ES,Tempo de Entrega,75524,Promotor
SRV-000881,2025-12-04,8,AM,Tempo de Entrega,70466,Neutro
SRV-000882,2025-01-10,4,GO,Qualidade do Produto,19327,Detrator
SRV-000883,2025-07-18,5,SC,Preço,38520,Detrator
SRV-000884,2025-09-09,3,CE,Preço,53308,Detrator
SRV-000885,2025-02-19,9,MT,Atendimento,26533,Promotor
SRV-000886,2025-05-22,1,BA,Variedade,54488,Detrator
SRV-000887,2025-09-28,10,GO,Variedade,77160,Promotor
SRV-000888,2025-01-16,7,MG,Variedade,50429,Neutro
SRV-000889,2025-01-02,10,ES,Atendimento,61726,Promotor
SRV-000890,2025-06-07,5,CE,Variedade,96348,Detrator
SRV-000891,2025-01-30,4,GO,Qualidade do Produto,83065,Detrator
SRV-000892,2025-03-23,8,MS,Atendimento,30653,Neutro
SRV-000893,2025-01-31,0,AM,Qualidade do Produto,66921,Detrator
SRV-000894,2025-08-24,4,PA,Atendimento,23654,Detrator
SRV-000895,2025-11-29,5,SP,Variedade,12108,Detrator
SRV-000896,2025-05-28,4,ES,Qualidade do Produto,79483,Detrator
SRV-000897,2025-06-26,5,MT,Qualidade do Produto,17899,Detrator
SRV-000898,2025-02-04,5,CE,Qualidade do Produto,23372,Detrator
SRV-000899,2025-01-23,6,CE,Atendimento,47682,Detrator
SRV-000900,2025-04-16,3,MS,Tempo de Entrega,77799,Detrator
SRV-000901,2025-04-07,10,AM,Variedade,46583,Promotor
SRV-000902,2025-08-18,7,PE,Qualidade do Produto,39295,Neutro
SRV-000903,2025-08-15,6,BA,Tempo de Entrega,76113,Detrator
SRV-000904,2025-04-10,8,MT,Variedade,90565,Neutro
SRV-000905,2025-02-24,6,ES,Variedade,59574,Detrator
SRV-000906,2025-07-14,2,MS,Qualidade do Produto,74934,Detrator
SRV-000907,2025-01-08,2,RS,Qualidade do Produto,40066,Detrator
SRV-000908,2025-11-11,7,CE,Atendimento,93149,Neutro
SRV-000909,2025-05-08,4,MG,Tempo de Entrega,95096,Detrator
SRV-000910,2025-02-01,3,PE,Tempo de Entrega,18945,Detrator
SRV-000911,2025-04-03,7,CE,Qualidade do Produto,39418,Neutro
SRV-000912,2025-01-07,5,ES,Variedade,92607,Detrator
SRV-000913,2025-09-15,1,RJ,Qualidade do Produto,59874,Detrator
SRV-000914,2025-12-07,3,CE,Variedade,27130,Detrator
SRV-000915,2025-08-08,10,PR,Variedade,96257,Promotor
SRV-000916,2025-08-28,3,RJ,Qualidade do Produto,78248,Detrator
SRV-000917,2025-04-16,5,AM,Preço,92627,Detrator
SRV-000918,2025-02-05,5,CE,Tempo de Entrega,91393,Detrator
SRV-000919,2025-02-14,0,SC,Variedade,51394,Detrator
SRV-000920,2025-10-25,7,MT,Variedade,59635,Neutro
SRV-000921,2025-11-05,5,CE,Preço,92089,Detrator
SRV-000922,2025-01-09,2,SP,Atendimento,27404,Detrator
SRV-000923,2025-03-28,8,AM,Preço,82629,Neutro
SRV-000924,2025-11-27,1,SC,Preço,23156,Detrator
SRV-000925,2025-06-26,10,ES,Variedade,65618,Promotor
SRV-000926,2025-05-10,7,MG,Tempo de Entrega,59999,Neutro
SRV-000927,2025-07-14,9,RJ,Preço,23785,Promotor
SRV-000928,2025-01-11,2,RS,Atendimento,58359,Detrator
SRV-000929,2025-11-02,4,PE,Qualidade do Produto,24694,Detrator
SRV-000930,2025-05-02,5,MS,Preço,46114,Detrator
SRV-000931,2025-08-23,9,MG,Preço,79549,Promotor
SRV-000932,2025-11-27,5,SC,Atendimento,67230,Detrator
SRV-000933,2025-01-31,3,PE,Tempo de Entrega,42799,Detrator
SRV-000934,2025-12-14,2,RJ,Preço,21156,Detrator
SRV-000935,2025-08-12,3,RS,Preço,20304,Detrator
SRV-000936,2025-06-02,0,PR,Tempo de Entrega,50645,Detrator
SRV-000937,2025-07-31,3,PR,Atendimento,48938,Detrator
SRV-000938,2025-04-02,0,MT,Preço,66982,Detrator
SRV-000939,2025-11-27,0,RS,Tempo de Entrega,87614,Detrator
SRV-000940,2025-12-14,9,PE,Preço,12315,Promotor
SRV-000941,2025-05-09,5,ES,Qualidade do Produto,22420,Detrator
SRV-000942,2025-07-16,4,PE,Variedade,28312,Detrator
SRV-000943,2025-02-11,10,PA,Qualidade do Produto,31395,Promotor
SRV-000944,2025-08-16,3,AM,Preço,50301,Detrator
SRV-000945,2025-07-13,10,GO,Atendimento,56972,Promotor
SRV-000946,2025-01-18,2,MT,Variedade,73294,Detrator
SRV-000947,2025-11-29,0,CE,Qualidade do Produto,90853,Detrator
SRV-000948,2025-08-31,5,PE,Tempo de Entrega,58225,Detrator
SRV-000949,2025-10-03,1,GO,Atendimento,92504,Detrator
SRV-000950,2025-05-07,7,ES,Qualidade do Produto,32854,Neutro
SRV-000951,2025-03-16,9,MG,Tempo de Entrega,80780,Promotor
SRV-000952,2025-03-03,4,RJ,Preço,40929,Detrator
SRV-000953,2025-10-15,6,PE,Tempo de Entrega,67103,Detrator
SRV-000954,2025-07-05,9,MS,Qualidade do Produto,73620,Promotor
SRV-000955,2025-06-27,1,RJ,Qualidade do Produto,99590,Detrator
SRV-000956,2025-06-15,7,SC,Preço,94124,Neutro
SRV-000957,2025-07-02,1,PR,Tempo de Entrega,54590,Detrator
SRV-000958,2025-01-28,3,AM,Tempo de Entrega,82554,Detrator
SRV-000959,2025-11-26,0,PR,Preço,20621,Detrator
SRV-000960,2025-09-04,4,ES,Tempo de Entrega,10973,Detrator
SRV-000961,2025-12-03,8,SC,Preço,68786,Neutro
SRV-000962,2025-01-22,0,PR,Atendimento,47097,Detrator
SRV-000963,2025-04-06,8,MT,Qualidade do Produto,44245,Neutro
SRV-000964,2025-05-02,10,ES,Atendimento,75211,Promotor
SRV-000965,2025-09-07,7,GO,Variedade,64841,Neutro
SRV-000966,2025-11-04,5,PE,Variedade,35346,Detrator
SRV-000967,2025-11-30,6,GO,Variedade,81980,Detrator
SRV-000968,2025-11-22,2,SC,Preço,59153,Detrator
SRV-000969,2025-05-17,0,MT,Tempo de Entrega,86942,Detrator
SRV-000970,2025-10-04,4,CE,Atendimento,15972,Detrator
SRV-000971,2025-11-16,1,CE,Atendimento,58063,Detrator
SRV-000972,2025-11-28,4,GO,Atendimento,75488,Detrator
SRV-000973,2025-03-02,7,CE,Atendimento,67055,Neutro
SRV-000974,2025-09-07,10,GO,Variedade,74366,Promotor
SRV-000975,2025-04-05,8,MG,Atendimento,20931,Neutro
SRV-000976,2025-10-23,1,CE,Tempo de Entrega,17702,Detrator
SRV-000977,2025-07-03,2,SC,Variedade,94834,Detrator
SRV-000978,2025-09-17,2,AM,Atendimento,31540,Detrator
SRV-000979,2025-10-14,0,SP,Preço,67450,Detrator
SRV-000980,2025-06-04,7,PR,Qualidade do Produto,75252,Neutro
SRV-000981,2025-07-05,5,CE,Qualidade do Produto,56904,Detrator
SRV-000982,2025-03-10,7,SC,Qualidade do Produto,62320,Neutro
SRV-000983,2025-11-22,10,PA,Variedade,41000,Promotor
SRV-000984,2025-09-18,8,MT,Atendimento,12599,Neutro
SRV-000985,2025-04-25,4,BA,Variedade,97636,Detrator
SRV-000986,2025-12-13,2,MT,Tempo de Entrega,94719,Detrator
SRV-000987,2025-01-08,4,PA,Preço,66165,Detrator
SRV-000988,2025-09-22,4,PA,Preço,68855,Detrator
SRV-000989,2025-09-28,4,PE,Qualidade do Produto,10018,Detrator
SRV-000990,2025-09-06,2,MT,Qualidade do Produto,10858,Detrator
SRV-000991,2025-04-15,10,MG,Qualidade do Produto,35992,Promotor
SRV-000992,2025-09-20,9,RJ,Atendimento,42580,Promotor
SRV-000993,2025-08-12,3,GO,Tempo de Entrega,80916,Detrator
SRV-000994,2025-11-24,8,ES,Tempo de Entrega,45800,Neutro
SRV-000995,2025-09-28,9,BA,Tempo de Entrega,68770,Promotor
SRV-000996,2025-06-14,8,MT,Tempo de Entrega,64941,Neutro
SRV-000997,2025-03-24,1,BA,Qualidade do Produto,94451,Detrator
SRV-000998,2025-10-22,7,MG,Preço,47487,Neutro
SRV-000999,2025-05-14,7,ES,Qualidade do Produto,22943,Neutro
SRV-001000,2025-07-30,6,MG,Tempo de Entrega,71457,Detrator
SRV-001001,2025-11-09,7,CE,Qualidade do Produto,28836,Neutro
SRV-001002,2025-04-02,2,RJ,Tempo de Entrega,21394,Detrator
SRV-001003,2025-12-03,5,ES,Variedade,82158,Detrator
SRV-001004,2025-05-07,0,SC,Preço,35280,Detrator
SRV-001005,2025-07-10,6,MT,Variedade,87318,Detrator
SRV-001006,2025-06-08,0,AM,Atendimento,11159,Detrator
SRV-001007,2025-11-27,8,MT,Qualidade do Produto,80162,Neutro
SRV-001008,2025-12-01,0,PR,Atendimento,33440,Detrator
SRV-001009,2025-01-10,0,MG,Qualidade do Produto,87166,Detrator
SRV-001010,2025-04-17,6,RJ,Variedade,62712,Detrator
SRV-001011,2025-03-28,1,PE,Tempo de Entrega,57656,Detrator
SRV-001012,2025-03-08,4,PA,Tempo de Entrega,16589,Detrator
SRV-001013,2025-03-03,7,SP,Qualidade do Produto,58241,Neutro
SRV-001014,2025-05-26,7,PE,Tempo de Entrega,33233,Neutro
SRV-001015,2025-06-02,2,SP,Variedade,45011,Detrator
SRV-001016,2025-04-17,6,PA,Tempo de Entrega,18177,Detrator
SRV-001017,2025-05-28,2,AM,Variedade,44528,Detrator
SRV-001018,2025-07-05,5,RS,Atendimento,71351,Detrator
SRV-001019,2025-12-15,5,SC,Variedade,66831,Detrator
SRV-001020,2025-12-08,2,RS,Preço,61827,Detrator
SRV-001021,2025-06-27,6,PA,Preço,33508,Detrator
SRV-001022,2025-12-01,2,MG,Preço,64933,Detrator
SRV-001023,2025-09-23,7,AM,Qualidade do Produto,90501,Neutro
SRV-001024,2025-05-29,9,MG,Qualidade do Produto,78772,Promotor
SRV-001025,2025-09-04,3,GO,Qualidade do Produto,25611,Detrator
SRV-001026,2025-09-11,0,MT,Variedade,32282,Detrator
SRV-001027,2025-01-29,3,SP,Qualidade do Produto,51003,Detrator
SRV-001028,2025-12-18,6,ES,Atendimento,91365,Detrator
SRV-001029,2025-09-23,10,MS,Preço,84216,Promotor
SRV-001030,2025-01-13,3,RJ,Variedade,21340,Detrator
SRV-001031,2025-02-16,5,CE,Preço,96643,Detrator
SRV-001032,2025-05-31,8,BA,Qualidade do Produto,84684,Neutro
SRV-001033,2025-02-19,0,MG,Variedade,93035,Detrator
SRV-001034,2025-08-03,4,RS,Tempo de Entrega,28165,Detrator
SRV-001035,2025-05-12,10,RS,Atendimento,28260,Promotor
SRV-001036,2025-04-23,6,MS,Qualidade do Produto,64515,Detrator
SRV-001037,2025-09-09,0,PE,Qualidade do Produto,40480,Detrator
SRV-001038,2025-12-07,3,SC,Atendimento,62527,Detrator
SRV-001039,2025-02-22,5,SP,Atendimento,69789,Detrator
SRV-001040,2025-05-10,1,BA,Tempo de Entrega,61902,Detrator
SRV-001041,2025-11-20,9,SP,Qualidade do Produto,42191,Promotor
SRV-001042,2025-07-12,4,MG,Qualidade do Produto,69488,Detrator
SRV-001043,2025-03-20,10,MT,Preço,85082,Promotor
SRV-001044,2025-02-26,9,PR,Variedade,46044,Promotor
SRV-001045,2025-04-07,0,BA,Variedade,59600,Detrator
SRV-001046,2025-07-17,5,PE,Preço,97457,Detrator
SRV-001047,2025-05-15,5,PA,Variedade,58776,Detrator
SRV-001048,2025-05-27,3,RS,Atendimento,22836,Detrator
SRV-001049,2025-06-21,7,PE,Variedade,84525,Neutro
SRV-001050,2025-03-04,3,MT,Variedade,62648,Detrator
SRV-001051,2025-03-06,7,MG,Preço,23740,Neutro
SRV-001052,2025-10-22,7,GO,Tempo de Entrega,23102,Neutro
SRV-001053,2025-07-30,4,PR,Variedade,90893,Detrator
SRV-001054,2025-04-19,3,CE,Variedade,61334,Detrator
SRV-001055,2025-10-09,1,BA,Tempo de Entrega,40255,Detrator
SRV-001056,2025-06-21,10,MS,Preço,35221,Promotor
SRV-001057,2025-01-12,2,SP,Tempo de Entrega,73265,Detrator
SRV-001058,2025-11-29,2,BA,Preço,10719,Detrator
SRV-001059,2025-08-08,3,RS,Atendimento,93442,Detrator
SRV-001060,2025-12-08,3,SP,Preço,33140,Detrator
SRV-001061,2025-10-13,9,GO,Atendimento,65779,Promotor
SRV-001062,2025-06-21,10,GO,Atendimento,11069,Promotor
SRV-001063,2025-08-24,10,CE,Preço,64714,Promotor
SRV-001064,2025-06-15,4,MS,Qualidade do Produto,83285,Detrator
SRV-001065,2025-07-06,3,CE,Preço,22935,Detrator
SRV-001066,2025-06-19,10,PA,Variedade,54035,Promotor
SRV-001067,2025-02-21,9,MS,Variedade,37937,Promotor
SRV-001068,2025-11-15,7,SC,Qualidade do Produto,28540,Neutro
SRV-001069,2025-07-08,5,SP,Atendimento,83480,Detrator
SRV-001070,2025-04-30,5,RJ,Qualidade do Produto,58702,Detrator
SRV-001071,2025-04-15,7,PR,Variedade,88283,Neutro
SRV-001072,2025-06-11,6,RJ,Qualidade do Produto,86041,Detrator
SRV-001073,2025-10-22,9,AM,Preço,87233,Promotor
SRV-001074,2025-02-10,10,CE,Qualidade do Produto,46907,Promotor
SRV-001075,2025-12-30,9,SP,Atendimento,25221,Promotor
SRV-001076,2025-06-14,7,SC,Preço,64781,Neutro
SRV-001077,2025-11-17,1,BA,Tempo de Entrega,17087,Detrator
SRV-001078,2025-12-01,8,BA,Variedade,96998,Neutro
SRV-001079,2025-06-09,0,GO,Variedade,32789,Detrator
SRV-001080,2025-09-21,7,GO,Qualidade do Produto,66023,Neutro
SRV-001081,2025-12-19,10,BA,Preço,43400,Promotor
SRV-001082,2025-01-18,3,MT,Tempo de Entrega,12199,Detrator
SRV-001083,2025-06-22,3,SC,Preço,57316,Detrator
SRV-001084,2025-12-18,4,MT,Variedade,97273,Detrator
SRV-001085,2025-02-02,7,MG,Preço,62062,Neutro
SRV-001086,2025-09-18,4,SP,Tempo de Entrega,81609,Detrator
SRV-001087,2025-07-29,7,RJ,Qualidade do Produto,26744,Neutro
SRV-001088,2025-11-26,9,PR,Atendimento,86095,Promotor
SRV-001089,2025-06-13,0,GO,Preço,65517,Detrator
SRV-001090,2025-01-05,9,CE,Atendimento,58865,Promotor
SRV-001091,2025-02-03,8,PR,Variedade,83937,Neutro
SRV-001092,2025-10-07,5,CE,Qualidade do Produto,87195,Detrator
SRV-001093,2025-05-25,2,AM,Qualidade do Produto,23894,Detrator
SRV-001094,2025-12-17,7,SP,Preço,39160,Neutro
SRV-001095,2025-03-12,8,SP,Qualidade do Produto,63095,Neutro
SRV-001096,2025-12-14,5,PA,Preço,39272,Detrator
SRV-001097,2025-08-18,10,PE,Preço,64021,Promotor
SRV-001098,2025-05-05,6,RJ,Atendimento,43645,Detrator
SRV-001099,2025-10-05,0,RS,Qualidade do Produto,31179,Detrator
SRV-001100,2025-09-28,4,CE,Preço,20691,Detrator
SRV-001101,2025-12-23,4,ES,Atendimento,91646,Detrator
SRV-001102,2025-01-15,9,RS,Tempo de Entrega,55311,Promotor
SRV-001103,2025-08-30,3,BA,Atendimento,49038,Detrator
SRV-001104,2025-06-02,5,PR,Atendimento,34967,Detrator
SRV-001105,2025-02-22,6,GO,Preço,38478,Detrator
SRV-001106,2025-05-29,8,MS,Variedade,65775,Neutro
SRV-001107,2025-12-24,0,MS,Variedade,80624,Detrator
SRV-001108,2025-08-07,5,SP,Variedade,50332,Detrator
SRV-001109,2025-04-23,6,ES,Atendimento,17066,Detrator
SRV-001110,2025-10-15,2,CE,Preço,49313,Detrator
SRV-001111,2025-10-04,7,MG,Qualidade do Produto,77857,Neutro
SRV-001112,2025-03-24,4,CE,Atendimento,55900,Detrator
SRV-001113,2025-08-06,8,PA,Atendimento,51098,Neutro
SRV-001114,2025-08-14,4,MS,Preço,18294,Detrator
SRV-001115,2025-09-27,8,PR,Tempo de Entrega,72580,Neutro
SRV-001116,2025-01-15,9,CE,Atendimento,48101,Promotor
SRV-001117,2025-10-17,3,GO,Tempo de Entrega,35059,Detrator
SRV-001118,2025-12-05,8,CE,Tempo de Entrega,50626,Neutro
SRV-001119,2025-09-22,4,GO,Variedade,30703,Detrator
SRV-001120,2025-07-18,9,SC,Preço,71417,Promotor
SRV-001121,2025-06-07,8,RJ,Tempo de Entrega,69228,Neutro
SRV-001122,2025-11-29,2,RS,Preço,13205,Detrator
SRV-001123,2025-07-26,3,GO,Variedade,44929,Detrator
SRV-001124,2025-06-23,8,MG,Preço,93384,Neutro
SRV-001125,2025-07-03,9,PA,Atendimento,43411,Promotor
SRV-001126,2025-09-22,10,SP,Tempo de Entrega,90522,Promotor
SRV-001127,2025-09-03,5,CE,Preço,21628,Detrator
SRV-001128,2025-02-05,1,MG,Qualidade do Produto,80089,Detrator
SRV-001129,2025-09-16,6,PE,Preço,16518,Detrator
SRV-001130,2025-01-19,1,CE,Tempo de Entrega,48491,Detrator
SRV-001131,2025-01-23,10,MT,Variedade,17946,Promotor
SRV-001132,2025-04-14,1,MT,Variedade,10610,Detrator
SRV-001133,2025-08-29,10,PA,Tempo de Entrega,79838,Promotor
SRV-001134,2025-12-27,0,SC,Atendimento,44311,Detrator
SRV-001135,2025-07-23,10,MT,Atendimento,51876,Promotor
SRV-001136,2025-09-10,10,SC,Variedade,90192,Promotor
SRV-001137,2025-05-22,10,ES,Variedade,60333,Promotor
SRV-001138,2025-10-29,2,PA,Tempo de Entrega,61298,Detrator
SRV-001139,2025-05-23,5,BA,Atendimento,94192,Detrator
SRV-001140,2025-09-28,7,PR,Variedade,51811,Neutro
SRV-001141,2025-11-03,8,RS,Atendimento,80072,Neutro
SRV-001142,2025-04-20,6,PE,Variedade,52974,Detrator
SRV-001143,2025-01-08,3,GO,Preço,29856,Detrator
SRV-001144,2025-03-10,5,GO,Qualidade do Produto,54830,Detrator
SRV-001145,2025-07-09,4,AM,Preço,91983,Detrator
SRV-001146,2025-06-28,7,PR,Variedade,55823,Neutro
SRV-001147,2025-03-04,0,MT,Qualidade do Produto,84397,Detrator
SRV-001148,2025-03-09,0,AM,Qualidade do Produto,95814,Detrator
SRV-001149,2025-07-25,10,PR,Variedade,77078,Promotor
SRV-001150,2025-01-06,5,AM,Variedade,77951,Detrator
SRV-001151,2025-04-29,9,ES,Atendimento,22905,Promotor
SRV-001152,2025-11-09,1,SC,Variedade,31601,Detrator
SRV-001153,2025-01-31,4,RJ,Tempo de Entrega,97099,Detrator
SRV-001154,2025-01-06,0,MG,Variedade,50955,Detrator
SRV-001155,2025-07-26,6,SP,Tempo de Entrega,82179,Detrator
SRV-001156,2025-06-06,0,RJ,Variedade,58435,Detrator
SRV-001157,2025-03-08,3,RJ,Atendimento,34044,Detrator
SRV-001158,2025-11-26,8,BA,Tempo de Entrega,21246,Neutro
SRV-001159,2025-12-19,0,BA,Preço,12458,Detrator
SRV-001160,2025-12-02,3,RJ,Tempo de Entrega,68507,Detrator
SRV-001161,2025-10-16,5,GO,Atendimento,16028,Detrator
SRV-001162,2025-05-20,5,AM,Tempo de Entrega,61901,Detrator
SRV-001163,2025-10-27,7,SC,Variedade,16306,Neutro
SRV-001164,2025-01-13,0,PA,Variedade,37678,Detrator
SRV-001165,2025-06-01,6,PR,Atendimento,22363,Detrator
SRV-001166,2025-11-09,0,MG,Qualidade do Produto,24066,Detrator
SRV-001167,2025-12-18,6,PR,Variedade,73804,Detrator
SRV-001168,2025-04-19,2,PR,Preço,58544,Detrator
SRV-001169,2025-12-22,10,PR,Atendimento,10189,Promotor
SRV-001170,2025-05-29,7,MG,Tempo de Entrega,21752,Neutro
SRV-001171,2025-07-23,2,PA,Tempo de Entrega,17482,Detrator
SRV-001172,2025-11-03,0,MG,Preço,26679,Detrator
SRV-001173,2025-01-21,7,ES,Variedade,10799,Neutro
SRV-001174,2025-03-01,2,RS,Atendimento,19934,Detrator
SRV-001175,2025-01-21,1,MS,Preço,67558,Detrator
SRV-001176,2025-12-29,0,MS,Variedade,69223,Detrator
SRV-001177,2025-09-02,2,MS,Atendimento,94620,Detrator
SRV-001178,2025-03-14,1,AM,Tempo de Entrega,51556,Detrator
SRV-001179,2025-03-17,1,RJ,Atendimento,19909,Detrator
SRV-001180,2025-07-05,5,CE,Qualidade do Produto,53558,Detrator
SRV-001181,2025-03-19,0,ES,Atendimento,89382,Detrator
SRV-001182,2025-03-06,1,ES,Qualidade do Produto,97793,Detrator
SRV-001183,2025-12-08,5,SP,Atendimento,38013,Detrator
SRV-001184,2025-10-17,2,CE,Qualidade do Produto,32875,Detrator
SRV-001185,2025-02-25,3,BA,Tempo de Entrega,21408,Detrator
SRV-001186,2025-11-27,0,SP,Variedade,45607,Detrator
SRV-001187,2025-09-16,7,BA,Qualidade do Produto,71684,Neutro
SRV-001188,2025-07-09,6,RS,Qualidade do Produto,46281,Detrator
SRV-001189,2025-01-06,6,PE,Tempo de Entrega,37326,Detrator
SRV-001190,2025-01-06,2,BA,Qualidade do Produto,23601,Detrator
SRV-001191,2025-07-10,9,PR,Preço,11135,Promotor
SRV-001192,2025-05-28,9,BA,Tempo de Entrega,32741,Promotor
SRV-001193,2025-09-15,2,AM,Preço,21913,Detrator
SRV-001194,2025-08-06,1,PA,Tempo de Entrega,20101,Detrator
SRV-001195,2025-03-31,0,MT,Qualidade do Produto,28631,Detrator
SRV-001196,2025-11-08,6,CE,Preço,82084,Detrator
SRV-001197,2025-12-18,6,MS,Qualidade do Produto,46870,Detrator
SRV-001198,2025-01-10,1,PA,Tempo de Entrega,58985,Detrator
SRV-001199,2025-03-28,6,MS,Qualidade do Produto,37215,Detrator
SRV-001200,2025-09-07,7,MG,Preço,72110,Neutro
SRV-001201,2025-11-22,0,PA,Preço,29215,Detrator
SRV-001202,2025-05-31,8,CE,Qualidade do Produto,24024,Neutro
SRV-001203,2025-04-23,6,RS,Atendimento,86949,Detrator
SRV-001204,2025-01-30,2,MS,Tempo de Entrega,91855,Detrator
SRV-001205,2025-05-08,7,ES,Tempo de Entrega,94982,Neutro
SRV-001206,2025-03-19,6,PR,Qualidade do Produto,55483,Detrator
SRV-001207,2025-02-24,10,PE,Atendimento,88157,Promotor
SRV-001208,2025-11-01,7,RS,Preço,20511,Neutro
SRV-001209,2025-02-03,5,ES,Variedade,29923,Detrator
SRV-001210,2025-04-15,8,SC,Variedade,20558,Neutro
SRV-001211,2025-06-21,4,CE,Qualidade do Produto,10526,Detrator
SRV-001212,2025-01-22,2,AM,Atendimento,11753,Detrator
SRV-001213,2025-10-14,2,MT,Atendimento,36248,Detrator
SRV-001214,2025-04-15,0,RS,Tempo de Entrega,24656,Detrator
SRV-001215,2025-05-29,7,GO,Preço,33266,Neutro
SRV-001216,2025-09-29,1,CE,Atendimento,74555,Detrator
SRV-001217,2025-10-03,2,GO,Variedade,72995,Detrator
SRV-001218,2025-10-26,7,PE,Preço,85756,Neutro
SRV-001219,2025-06-21,7,ES,Preço,93574,Neutro
SRV-001220,2025-02-16,10,CE,Qualidade do Produto,88277,Promotor
SRV-001221,2025-04-24,3,MG,Atendimento,80377,Detrator
SRV-001222,2025-10-02,3,BA,Qualidade do Produto,75402,Detrator
SRV-001223,2025-10-31,4,PA,Atendimento,64176,Detrator
SRV-001224,2025-07-26,5,SP,Tempo de Entrega,51733,Detrator
SRV-001225,2025-08-30,4,PE,Qualidade do Produto,24418,Detrator
SRV-001226,2025-10-28,6,GO,Qualidade do Produto,47185,Detrator
SRV-001227,2025-07-15,1,SP,Variedade,51745,Detrator
SRV-001228,2025-06-13,6,RJ,Qualidade do Produto,63787,Detrator
SRV-001229,2025-06-25,9,GO,Atendimento,90123,Promotor
SRV-001230,2025-12-09,6,BA,Variedade,62035,Detrator
SRV-001231,2025-09-28,0,PE,Qualidade do Produto,97804,Detrator
SRV-001232,2025-04-20,6,RS,Qualidade do Produto,75984,Detrator
SRV-001233,2025-06-21,4,MG,Tempo de Entrega,62462,Detrator
SRV-001234,2025-12-18,2,RS,Qualidade do Produto,47353,Detrator
SRV-001235,2025-07-21,2,SC,Preço,83644,Detrator
SRV-001236,2025-06-17,3,RJ,Variedade,58302,Detrator
SRV-001237,2025-04-12,1,MG,Preço,86979,Detrator
SRV-001238,2025-03-27,1,MT,Variedade,32435,Detrator
SRV-001239,2025-05-22,0,GO,Tempo de Entrega,67728,Detrator
SRV-001240,2025-12-03,4,MS,Qualidade do Produto,11238,Detrator
SRV-001241,2025-08-01,3,GO,Qualidade do Produto,90857,Detrator
SRV-001242,2025-02-20,10,CE,Qualidade do Produto,91610,Promotor
SRV-001243,2025-04-22,9,CE,Variedade,23049,Promotor
SRV-001244,2025-09-28,1,GO,Qualidade do Produto,67193,Detrator
SRV-001245,2025-03-06,2,MS,Preço,45584,Detrator
SRV-001246,2025-12-10,6,PA,Qualidade do Produto,76634,Detrator
SRV-001247,2025-07-02,6,PR,Tempo de Entrega,24679,Detrator
SRV-001248,2025-11-28,3,CE,Preço,44505,Detrator
SRV-001249,2025-01-10,4,ES,Qualidade do Produto,61341,Detrator
SRV-001250,2025-08-22,4,RJ,Qualidade do Produto,60374,Detrator
SRV-001251,2025-10-25,5,ES,Atendimento,56998,Detrator
SRV-001252,2025-09-01,8,MS,Variedade,86970,Neutro
SRV-001253,2025-12-17,1,BA,Preço,65701,Detrator
SRV-001254,2025-09-24,4,PR,Atendimento,54859,Detrator
SRV-001255,2025-04-28,2,PR,Tempo de Entrega,43178,Detrator
SRV-001256,2025-05-24,3,GO,Variedade,37575,Detrator
SRV-001257,2025-07-20,9,MS,Preço,29329,Promotor
SRV-001258,2025-08-27,5,MS,Qualidade do Produto,67254,Detrator
SRV-001259,2025-11-30,7,CE,Preço,94029,Neutro
SRV-001260,2025-09-03,0,MG,Qualidade do Produto,97366,Detrator
SRV-001261,2025-12-12,9,GO,Variedade,83662,Promotor
SRV-001262,2025-01-08,7,BA,Qualidade do Produto,50068,Neutro
SRV-001263,2025-06-01,10,SC,Tempo de Entrega,68951,Promotor
SRV-001264,2025-07-30,6,RJ,Qualidade do Produto,97629,Detrator
SRV-001265,2025-06-07,0,RJ,Tempo de Entrega,45171,Detrator
SRV-001266,2025-02-27,1,PE,Variedade,18262,Detrator
SRV-001267,2025-03-27,2,GO,Variedade,53270,Detrator
SRV-001268,2025-02-24,0,RS,Preço,30785,Detrator
SRV-001269,2025-07-20,8,CE,Tempo de Entrega,49469,Neutro
SRV-001270,2025-05-02,7,PE,Tempo de Entrega,78831,Neutro
SRV-001271,2025-04-18,1,AM,Atendimento,91223,Detrator
SRV-001272,2025-10-31,8,SC,Atendimento,55643,Neutro
SRV-001273,2025-05-12,6,PA,Atendimento,77657,Detrator
SRV-001274,2025-07-17,8,PR,Qualidade do Produto,13582,Neutro
SRV-001275,2025-02-16,5,MS,Atendimento,40280,Detrator
SRV-001276,2025-08-16,5,SP,Tempo de Entrega,52589,Detrator
SRV-001277,2025-09-02,10,MS,Qualidade do Produto,50000,Promotor
SRV-001278,2025-07-22,3,SC,Variedade,11085,Detrator
SRV-001279,2025-09-18,9,SC,Preço,91427,Promotor
SRV-001280,2025-06-27,9,MG,Atendimento,25600,Promotor
SRV-001281,2025-01-24,1,MG,Variedade,69801,Detrator
SRV-001282,2025-06-24,6,PA,Tempo de Entrega,71739,Detrator
SRV-001283,2025-10-01,4,MG,Preço,84181,Detrator
SRV-001284,2025-12-06,10,MG,Variedade,51596,Promotor
SRV-001285,2025-09-18,5,RS,Preço,80410,Detrator
SRV-001286,2025-10-13,1,CE,Atendimento,89303,Detrator
SRV-001287,2025-01-01,4,MT,Tempo de Entrega,62188,Detrator
SRV-001288,2025-03-27,9,RJ,Preço,36825,Promotor
SRV-001289,2025-12-04,3,CE,Variedade,20913,Detrator
SRV-001290,2025-03-10,8,GO,Atendimento,91751,Neutro
SRV-001291,2025-01-31,5,CE,Atendimento,94269,Detrator
SRV-001292,2025-07-17,1,RJ,Variedade,24332,Detrator
SRV-001293,2025-04-01,0,MG,Variedade,64895,Detrator
SRV-001294,2025-12-15,4,CE,Preço,14432,Detrator
SRV-001295,2025-01-16,8,MS,Qualidade do Produto,98095,Neutro
SRV-001296,2025-11-06,5,RS,Atendimento,36570,Detrator
SRV-001297,2025-10-03,9,MG,Preço,16103,Promotor
SRV-001298,2025-12-04,6,RS,Variedade,25900,Detrator
SRV-001299,2025-06-11,4,PE,Preço,68415,Detrator
SRV-001300,2025-07-11,9,MT,Variedade,77567,Promotor
SRV-001301,2025-05-31,5,CE,Tempo de Entrega,72713,Detrator
SRV-001302,2025-12-31,4,MS,Variedade,93169,Detrator
SRV-001303,2025-04-23,10,PA,Variedade,68639,Promotor
SRV-001304,2025-09-30,8,MT,Variedade,98728,Neutro
SRV-001305,2025-06-25,5,ES,Qualidade do Produto,95476,Detrator
SRV-001306,2025-05-29,10,RS,Variedade,18988,Promotor
SRV-001307,2025-06-27,7,PE,Atendimento,88488,Neutro
SRV-001308,2025-08-11,1,AM,Atendimento,12977,Detrator
SRV-001309,2025-09-16,8,BA,Preço,64641,Neutro
SRV-001310,2025-09-30,4,BA,Qualidade do Produto,11268,Detrator
SRV-001311,2025-07-08,6,PE,Preço,64431,Detrator
SRV-001312,2025-11-02,9,AM,Atendimento,26756,Promotor
SRV-001313,2025-03-31,0,PR,Atendimento,30764,Detrator
SRV-001314,2025-12-09,9,AM,Tempo de Entrega,69912,Promotor
SRV-001315,2025-09-19,4,PR,Variedade,50385,Detrator
SRV-001316,2025-06-05,9,MG,Atendimento,25032,Promotor
SRV-001317,2025-07-19,1,PR,Preço,55702,Detrator
SRV-001318,2025-02-24,5,BA,Preço,21885,Detrator
SRV-001319,2025-09-11,10,MS,Variedade,19796,Promotor
SRV-001320,2025-06-22,0,PR,Variedade,42863,Detrator
SRV-001321,2025-07-19,2,ES,Tempo de Entrega,91014,Detrator
SRV-001322,2025-04-12,4,BA,Qualidade do Produto,42117,Detrator
SRV-001323,2025-10-12,3,RS,Preço,30753,Detrator
SRV-001324,2025-05-31,2,PA,Variedade,30325,Detrator
SRV-001325,2025-04-21,9,AM,Preço,17021,Promotor
SRV-001326,2025-09-23,4,AM,Variedade,90721,Detrator
SRV-001327,2025-04-01,10,SC,Atendimento,63096,Promotor
SRV-001328,2025-06-26,7,PR,Preço,81404,Neutro
SRV-001329,2025-08-19,10,AM,Atendimento,23071,Promotor
SRV-001330,2025-01-29,3,PR,Preço,74649,Detrator
SRV-001331,2025-10-28,0,GO,Qualidade do Produto,18041,Detrator
SRV-001332,2025-07-14,10,CE,Tempo de Entrega,92051,Promotor
SRV-001333,2025-11-03,6,RJ,Atendimento,50058,Detrator
SRV-001334,2025-08-27,7,GO,Variedade,58263,Neutro
SRV-001335,2025-12-23,2,PA,Qualidade do Produto,54470,Detrator
SRV-001336,2025-09-24,5,ES,Preço,97826,Detrator
SRV-001337,2025-08-02,1,BA,Atendimento,38223,Detrator
SRV-001338,2025-03-23,6,BA,Preço,43575,Detrator
SRV-001339,2025-05-08,7,MT,Preço,55799,Neutro
SRV-001340,2025-09-19,5,SP,Preço,31661,Detrator
SRV-001341,2025-03-08,5,RJ,Tempo de Entrega,91975,Detrator
SRV-001342,2025-03-03,4,PR,Tempo de Entrega,46432,Detrator
SRV-001343,2025-05-13,7,PE,Variedade,41147,Neutro
SRV-001344,2025-05-17,0,CE,Atendimento,39114,Detrator
SRV-001345,2025-01-28,9,MT,Qualidade do Produto,16030,Promotor
SRV-001346,2025-07-30,3,MS,Qualidade do Produto,57429,Detrator
SRV-001347,2025-07-24,3,GO,Qualidade do Produto,57743,Detrator
SRV-001348,2025-09-10,2,MT,Preço,75615,Detrator
SRV-001349,2025-02-07,2,RS,Tempo de Entrega,57577,Detrator
SRV-001350,2025-02-12,3,CE,Atendimento,12966,Detrator
SRV-001351,2025-04-27,10,PR,Preço,13728,Promotor
SRV-001352,2025-07-09,0,SP,Tempo de Entrega,47304,Detrator
SRV-001353,2025-02-15,10,PA,Tempo de Entrega,59277,Promotor
SRV-001354,2025-06-15,10,PA,Atendimento,10947,Promotor
SRV-001355,2025-11-01,1,SC,Atendimento,88101,Detrator
SRV-001356,2025-07-22,8,MS,Atendimento,91380,Neutro
SRV-001357,2025-08-21,9,BA,Preço,76130,Promotor
SRV-001358,2025-09-02,1,RS,Variedade,31414,Detrator
SRV-001359,2025-07-28,4,RJ,Atendimento,92060,Detrator
SRV-001360,2025-09-05,8,MS,Variedade,29439,Neutro
SRV-001361,2025-10-22,8,PR,Preço,68220,Neutro
SRV-001362,2025-11-23,7,AM,Variedade,56785,Neutro
SRV-001363,2025-06-07,0,MT,Qualidade do Produto,46973,Detrator
SRV-001364,2025-01-01,0,ES,Variedade,97091,Detrator
SRV-001365,2025-08-05,8,PE,Atendimento,83318,Neutro
SRV-001366,2025-09-06,10,CE,Preço,78196,Promotor
SRV-001367,2025-03-10,7,SP,Atendimento,16089,Neutro
SRV-001368,2025-01-30,9,MS,Qualidade do Produto,80854,Promotor
SRV-001369,2025-04-25,8,SC,Atendimento,72235,Neutro
SRV-001370,2025-01-08,6,MG,Atendimento,39400,Detrator
SRV-001371,2025-10-02,2,MT,Atendimento,25405,Detrator
SRV-001372,2025-11-11,2,PE,Tempo de Entrega,62763,Detrator
SRV-001373,2025-12-01,1,PR,Qualidade do Produto,40209,Detrator
SRV-001374,2025-02-05,4,GO,Atendimento,83598,Detrator
SRV-001375,2025-11-07,2,SC,Atendimento,27424,Detrator
SRV-001376,2025-02-13,5,MT,Atendimento,99523,Detrator
SRV-001377,2025-06-04,1,PE,Preço,30556,Detrator
SRV-001378,2025-03-18,2,PE,Tempo de Entrega,29330,Detrator
SRV-001379,2025-03-19,4,BA,Preço,91266,Detrator
SRV-001380,2025-04-11,10,PE,Tempo de Entrega,13236,Promotor
SRV-001381,2025-01-30,10,ES,Atendimento,79216,Promotor
SRV-001382,2025-02-08,0,SC,Qualidade do Produto,40312,Detrator
SRV-001383,2025-08-27,0,PR,Variedade,31191,Detrator
SRV-001384,2025-01-13,9,PR,Variedade,93457,Promotor
SRV-001385,2025-05-02,8,ES,Atendimento,46640,Neutro
SRV-001386,2025-05-24,6,RJ,Preço,72293,Detrator
SRV-001387,2025-06-21,0,MS,Qualidade do Produto,46688,Detrator
SRV-001388,2025-09-04,7,SC,Tempo de Entrega,81229,Neutro
SRV-001389,2025-09-04,2,PE,Atendimento,95802,Detrator
SRV-001390,2025-02-14,7,MS,Qualidade do Produto,34122,Neutro
SRV-001391,2025-09-10,4,SP,Qualidade do Produto,51224,Detrator
SRV-001392,2025-10-18,0,AM,Tempo de Entrega,16331,Detrator
SRV-001393,2025-07-26,6,RS,Qualidade do Produto,97102,Detrator
SRV-001394,2025-01-07,4,SC,Preço,52262,Detrator
SRV-001395,2025-08-30,5,MG,Preço,96314,Detrator
SRV-001396,2025-04-20,5,SP,Preço,69592,Detrator
SRV-001397,2025-04-24,7,GO,Qualidade do Produto,43926,Neutro
SRV-001398,2025-11-03,8,ES,Preço,96287,Neutro
SRV-001399,2025-10-29,1,PA,Tempo de Entrega,27528,Detrator
SRV-001400,2025-10-03,8,AM,Qualidade do Produto,10068,Neutro
SRV-001401,2025-04-06,10,PE,Variedade,79253,Promotor
SRV-001402,2025-10-21,9,PA,Qualidade do Produto,90754,Promotor
SRV-001403,2025-07-08,8,RJ,Tempo de Entrega,53968,Neutro
SRV-001404,2025-12-26,9,MG,Variedade,58623,Promotor
SRV-001405,2025-10-15,9,RJ,Qualidade do Produto,52129,Promotor
SRV-001406,2025-06-03,6,AM,Preço,71321,Detrator
SRV-001407,2025-02-27,0,RJ,Atendimento,21526,Detrator
SRV-001408,2025-12-04,6,CE,Atendimento,36709,Detrator
SRV-001409,2025-02-19,9,MT,Preço,25063,Promotor
SRV-001410,2025-07-26,4,MT,Atendimento,14723,Detrator
SRV-001411,2025-02-21,5,BA,Atendimento,14213,Detrator
SRV-001412,2025-12-08,9,MG,Preço,32797,Promotor
SRV-001413,2025-05-30,6,RS,Preço,94946,Detrator
SRV-001414,2025-02-22,4,BA,Qualidade do Produto,98918,Detrator
SRV-001415,2025-08-01,6,MG,Qualidade do Produto,55217,Detrator
SRV-001416,2025-03-07,8,RJ,Preço,78283,Neutro
SRV-001417,2025-08-20,2,GO,Tempo de Entrega,33655,Detrator
SRV-001418,2025-10-26,7,GO,Atendimento,87990,Neutro
SRV-001419,2025-12-04,1,BA,Qualidade do Produto,22587,Detrator
SRV-001420,2025-05-31,10,MG,Atendimento,32555,Promotor
SRV-001421,2025-07-24,6,RS,Variedade,38071,Detrator
SRV-001422,2025-11-16,1,MS,Preço,30239,Detrator
SRV-001423,2025-09-12,3,SP,Tempo de Entrega,59151,Detrator
SRV-001424,2025-05-17,6,AM,Variedade,12203,Detrator
SRV-001425,2025-05-15,2,PA,Variedade,23635,Detrator
SRV-001426,2025-02-23,1,MS,Variedade,62571,Detrator
SRV-001427,2025-03-06,10,SC,Preço,11144,Promotor
SRV-001428,2025-01-02,9,MS,Qualidade do Produto,42699,Promotor
SRV-001429,2025-05-12,6,MS,Preço,94619,Detrator
SRV-001430,2025-11-30,0,GO,Qualidade do Produto,22213,Detrator
SRV-001431,2025-02-01,7,PE,Variedade,26944,Neutro
SRV-001432,2025-12-22,2,MS,Variedade,76723,Detrator
SRV-001433,2025-12-26,1,MG,Tempo de Entrega,78669,Detrator
SRV-001434,2025-08-31,2,AM,Qualidade do Produto,78947,Detrator
SRV-001435,2025-07-11,4,RS,Variedade,44457,Detrator
SRV-001436,2025-05-22,10,GO,Atendimento,45191,Promotor
SRV-001437,2025-05-28,7,SC,Tempo de Entrega,82264,Neutro
SRV-001438,2025-03-30,9,BA,Preço,67924,Promotor
SRV-001439,2025-02-18,6,MG,Tempo de Entrega,43744,Detrator
SRV-001440,2025-05-16,6,MG,Atendimento,63424,Detrator
SRV-001441,2025-07-10,6,ES,Qualidade do Produto,98417,Detrator
SRV-001442,2025-05-29,7,MG,Preço,88337,Neutro
SRV-001443,2025-03-28,0,PE,Preço,86084,Detrator
SRV-001444,2025-01-08,3,MT,Qualidade do Produto,42886,Detrator
SRV-001445,2025-08-11,5,ES,Tempo de Entrega,94963,Detrator
SRV-001446,2025-12-23,8,SC,Variedade,10972,Neutro
SRV-001447,2025-01-16,1,BA,Tempo de Entrega,16621,Detrator
SRV-001448,2025-10-23,0,MT,Atendimento,59738,Detrator
SRV-001449,2025-04-16,9,GO,Variedade,67694,Promotor
SRV-001450,2025-10-10,1,BA,Tempo de Entrega,64777,Detrator
SRV-001451,2025-04-14,6,PA,Qualidade do Produto,24530,Detrator
SRV-001452,2025-12-27,2,PR,Atendimento,17354,Detrator
SRV-001453,2025-05-26,9,PR,Atendimento,56529,Promotor
SRV-001454,2025-02-04,1,SC,Atendimento,61714,Detrator
SRV-001455,2025-04-23,10,CE,Variedade,98759,Promotor
SRV-001456,2025-11-04,6,RS,Preço,51232,Detrator
SRV-001457,2025-02-22,1,GO,Variedade,62079,Detrator
SRV-001458,2025-12-13,2,GO,Tempo de Entrega,22550,Detrator
SRV-001459,2025-03-22,10,CE,Preço,98196,Promotor
SRV-001460,2025-04-14,6,AM,Tempo de Entrega,70385,Detrator
SRV-001461,2025-11-18,3,RS,Preço,74736,Detrator
SRV-001462,2025-08-30,0,GO,Variedade,40268,Detrator
SRV-001463,2025-01-31,4,ES,Atendimento,14290,Detrator
SRV-001464,2025-11-13,8,SC,Qualidade do Produto,65034,Neutro
SRV-001465,2025-07-11,7,RS,Atendimento,40138,Neutro
SRV-001466,2025-12-23,8,PR,Variedade,81982,Neutro
SRV-001467,2025-12-27,9,PR,Preço,23432,Promotor
SRV-001468,2025-08-21,8,RJ,Atendimento,77058,Neutro
SRV-001469,2025-04-08,6,RS,Variedade,68175,Detrator
SRV-001470,2025-02-03,3,MS,Tempo de Entrega,43329,Detrator
SRV-001471,2025-08-31,4,SC,Qualidade do Produto,79076,Detrator
SRV-001472,2025-02-28,0,MT,Atendimento,22328,Detrator
SRV-001473,2025-09-16,0,SP,Preço,44247,Detrator
SRV-001474,2025-01-17,2,ES,Tempo de Entrega,16677,Detrator
SRV-001475,2025-03-19,7,MG,Variedade,71810,Neutro
SRV-001476,2025-07-25,1,MS,Qualidade do Produto,60357,Detrator
SRV-001477,2025-10-29,3,PA,Preço,65812,Detrator
SRV-001478,2025-06-15,1,MG,Variedade,51616,Detrator
SRV-001479,2025-10-18,4,RS,Variedade,71284,Detrator
SRV-001480,2025-04-22,8,MT,Atendimento,59741,Neutro
SRV-001481,2025-11-13,0,MS,Atendimento,63478,Detrator
SRV-001482,2025-12-19,4,CE,Preço,64056,Detrator
SRV-001483,2025-05-25,8,ES,Variedade,55534,Neutro
SRV-001484,2025-06-05,0,PA,Atendimento,89056,Detrator
SRV-001485,2025-06-27,8,MS,Qualidade do Produto,74162,Neutro
SRV-001486,2025-12-12,7,BA,Qualidade do Produto,54711,Neutro
SRV-001487,2025-05-16,3,MT,Variedade,32805,Detrator
SRV-001488,2025-11-11,10,PE,Atendimento,30143,Promotor
SRV-001489,2025-01-18,9,MG,Preço,85828,Promotor
SRV-001490,2025-12-17,4,PR,Preço,72473,Detrator
SRV-001491,2025-06-04,4,ES,Preço,26017,Detrator
SRV-001492,2025-09-29,10,AM,Qualidade do Produto,73202,Promotor
SRV-001493,2025-09-23,5,MS,Atendimento,51423,Detrator
SRV-001494,2025-12-26,6,CE,Atendimento,51713,Detrator
SRV-001495,2025-11-28,7,PA,Qualidade do Produto,97856,Neutro
SRV-001496,2025-01-16,7,SC,Preço,84310,Neutro
SRV-001497,2025-01-12,10,MT,Preço,12205,Promotor
SRV-001498,2025-03-16,1,CE,Variedade,63266,Detrator
SRV-001499,2025-07-31,8,ES,Tempo de Entrega,22342,Neutro
SRV-001500,2025-06-28,6,BA,Atendimento,79563,Detrator
SRV-001501,2025-05-09,3,MG,Atendimento,73190,Detrator
SRV-001502,2025-10-10,3,MT,Atendimento,91863,Detrator
SRV-001503,2025-07-14,10,PR,Tempo de Entrega,31200,Promotor
SRV-001504,2025-09-25,7,GO,Variedade,17188,Neutro
SRV-001505,2025-01-30,3,SP,Tempo de Entrega,12808,Detrator
SRV-001506,2025-01-09,5,GO,Preço,23851,Detrator
SRV-001507,2025-11-05,4,PA,Preço,90890,Detrator
SRV-001508,2025-11-06,2,SC,Atendimento,74928,Detrator
SRV-001509,2025-06-14,9,MT,Qualidade do Produto,25058,Promotor
SRV-001510,2025-07-12,10,PR,Atendimento,24620,Promotor
SRV-001511,2025-11-01,1,BA,Qualidade do Produto,62755,Detrator
SRV-001512,2025-09-17,8,PE,Tempo de Entrega,72995,Neutro
SRV-001513,2025-07-11,9,BA,Preço,46681,Promotor
SRV-001514,2025-03-20,8,BA,Qualidade do Produto,74509,Neutro
SRV-001515,2025-06-28,0,MS,Tempo de Entrega,93339,Detrator
SRV-001516,2025-04-01,9,AM,Preço,77703,Promotor
SRV-001517,2025-08-03,2,GO,Qualidade do Produto,77680,Detrator
SRV-001518,2025-03-20,7,MG,Atendimento,77703,Neutro
SRV-001519,2025-04-13,5,ES,Atendimento,52136,Detrator
SRV-001520,2025-04-21,4,PA,Atendimento,98456,Detrator
SRV-001521,2025-11-10,4,MT,Tempo de Entrega,93086,Detrator
SRV-001522,2025-09-04,5,ES,Atendimento,46343,Detrator
SRV-001523,2025-08-22,6,PA,Variedade,28254,Detrator
SRV-001524,2025-03-23,0,PA,Preço,71273,Detrator
SRV-001525,2025-05-12,8,AM,Tempo de Entrega,69611,Neutro
SRV-001526,2025-08-23,2,MT,Atendimento,70002,Detrator
SRV-001527,2025-10-05,3,PR,Preço,95683,Detrator
SRV-001528,2025-12-01,9,GO,Qualidade do Produto,22926,Promotor
SRV-001529,2025-04-09,0,PE,Atendimento,74264,Detrator
SRV-001530,2025-02-07,10,MS,Preço,99527,Promotor
SRV-001531,2025-06-10,9,PE,Variedade,37563,Promotor
SRV-001532,2025-04-27,2,CE,Qualidade do Produto,40688,Detrator
SRV-001533,2025-08-29,1,GO,Variedade,44130,Detrator
SRV-001534,2025-01-26,1,MS,Preço,10925,Detrator
SRV-001535,2025-05-16,0,AM,Variedade,61595,Detrator
SRV-001536,2025-02-19,7,SP,Preço,26321,Neutro
SRV-001537,2025-10-21,2,AM,Preço,20769,Detrator
SRV-001538,2025-10-25,2,AM,Variedade,46748,Detrator
SRV-001539,2025-10-20,5,BA,Preço,50028,Detrator
SRV-001540,2025-06-03,7,AM,Atendimento,26151,Neutro
SRV-001541,2025-08-08,8,SP,Preço,86133,Neutro
SRV-001542,2025-05-20,8,RJ,Tempo de Entrega,44187,Neutro
SRV-001543,2025-02-18,3,RS,Preço,53835,Detrator
SRV-001544,2025-05-22,4,PA,Tempo de Entrega,10059,Detrator
SRV-001545,2025-02-15,1,BA,Preço,95717,Detrator
SRV-001546,2025-06-12,10,SP,Preço,37235,Promotor
SRV-001547,2025-10-12,8,PA,Variedade,77114,Neutro
SRV-001548,2025-09-25,7,MG,Atendimento,55366,Neutro
SRV-001549,2025-04-26,2,RS,Atendimento,91583,Detrator
SRV-001550,2025-03-23,10,GO,Qualidade do Produto,42160,Promotor
SRV-001551,2025-02-13,8,PE,Variedade,15277,Neutro
SRV-001552,2025-07-13,2,BA,Variedade,11780,Detrator
SRV-001553,2025-09-15,8,BA,Atendimento,56579,Neutro
SRV-001554,2025-09-30,1,PA,Variedade,70750,Detrator
SRV-001555,2025-10-01,9,PE,Atendimento,66902,Promotor
SRV-001556,2025-10-05,8,CE,Variedade,90198,Neutro
SRV-001557,2025-03-24,7,MG,Preço,42161,Neutro
SRV-001558,2025-02-27,8,BA,Atendimento,54499,Neutro
SRV-001559,2025-02-22,4,SP,Atendimento,41886,Detrator
SRV-001560,2025-01-01,10,BA,Tempo de Entrega,18800,Promotor
SRV-001561,2025-08-04,10,GO,Variedade,59460,Promotor
SRV-001562,2025-11-13,1,RS,Variedade,80975,Detrator
SRV-001563,2025-08-16,7,GO,Atendimento,79843,Neutro
SRV-001564,2025-09-11,5,PA,Preço,12364,Detrator
SRV-001565,2025-06-08,7,BA,Preço,26568,Neutro
SRV-001566,2025-10-14,10,SP,Preço,48092,Promotor
SRV-001567,2025-03-07,4,SC,Variedade,81019,Detrator
SRV-001568,2025-11-05,9,RS,Tempo de Entrega,72679,Promotor
SRV-001569,2025-04-05,1,AM,Atendimento,75781,Detrator
SRV-001570,2025-09-10,5,MT,Qualidade do Produto,18430,Detrator
SRV-001571,2025-05-30,4,PR,Tempo de Entrega,83719,Detrator
SRV-001572,2025-01-23,4,AM,Qualidade do Produto,48692,Detrator
SRV-001573,2025-09-01,0,PR,Tempo de Entrega,40086,Detrator
SRV-001574,2025-08-03,1,RS,Preço,59671,Detrator
SRV-001575,2025-05-11,7,PA,Variedade,23901,Neutro
SRV-001576,2025-12-09,2,MT,Qualidade do Produto,13907,Detrator
SRV-001577,2025-05-28,9,PA,Tempo de Entrega,38604,Promotor
SRV-001578,2025-04-19,2,MG,Variedade,47869,Detrator
SRV-001579,2025-02-09,7,SC,Qualidade do Produto,24537,Neutro
SRV-001580,2025-05-01,7,RS,Atendimento,22501,Neutro
SRV-001581,2025-10-22,1,SP,Tempo de Entrega,47371,Detrator
SRV-001582,2025-04-30,7,MS,Atendimento,46821,Neutro
SRV-001583,2025-01-18,10,RJ,Preço,98732,Promotor
SRV-001584,2025-06-18,0,MS,Atendimento,16073,Detrator
SRV-001585,2025-07-17,5,ES,Atendimento,71005,Detrator
SRV-001586,2025-05-23,7,GO,Tempo de Entrega,86097,Neutro
SRV-001587,2025-02-06,2,BA,Preço,28101,Detrator
SRV-001588,2025-07-05,7,MT,Atendimento,41426,Neutro
SRV-001589,2025-09-18,0,GO,Variedade,17313,Detrator
SRV-001590,2025-08-19,10,AM,Qualidade do Produto,40773,Promotor
SRV-001591,2025-09-11,10,CE,Atendimento,38003,Promotor
SRV-001592,2025-11-25,8,SC,Preço,69668,Neutro
SRV-001593,2025-10-24,10,SP,Atendimento,81250,Promotor
SRV-001594,2025-01-10,8,CE,Qualidade do Produto,52294,Neutro
SRV-001595,2025-11-20,4,PR,Preço,23582,Detrator
SRV-001596,2025-08-18,9,RS,Tempo de Entrega,23760,Promotor
SRV-001597,2025-01-24,3,PA,Preço,81791,Detrator
SRV-001598,2025-03-19,10,GO,Tempo de Entrega,92158,Promotor
SRV-001599,2025-07-12,5,SC,Preço,45983,Detrator
SRV-001600,2025-04-19,6,GO,Qualidade do Produto,50309,Detrator
SRV-001601,2025-10-07,4,GO,Qualidade do Produto,39715,Detrator
SRV-001602,2025-09-20,10,MS,Preço,46415,Promotor
SRV-001603,2025-11-25,9,PE,Atendimento,97328,Promotor
SRV-001604,2025-12-29,8,BA,Qualidade do Produto,98260,Neutro
SRV-001605,2025-12-21,2,PA,Tempo de Entrega,61581,Detrator
SRV-001606,2025-09-25,6,ES,Tempo de Entrega,13652,Detrator
SRV-001607,2025-12-07,9,GO,Variedade,36297,Promotor
SRV-001608,2025-09-16,9,MT,Tempo de Entrega,24028,Promotor
SRV-001609,2025-12-01,10,MS,Variedade,23803,Promotor
SRV-001610,2025-03-26,4,PR,Preço,16307,Detrator
SRV-001611,2025-01-10,6,RS,Preço,41325,Detrator
SRV-001612,2025-10-16,1,BA,Preço,68616,Detrator
SRV-001613,2025-10-29,3,PR,Atendimento,70483,Detrator
SRV-001614,2025-02-28,1,PE,Atendimento,41574,Detrator
SRV-001615,2025-11-04,6,AM,Variedade,94798,Detrator
SRV-001616,2025-09-19,1,CE,Tempo de Entrega,77071,Detrator
SRV-001617,2025-10-12,10,MS,Tempo de Entrega,24932,Promotor
SRV-001618,2025-04-29,0,ES,Preço,25749,Detrator
SRV-001619,2025-06-17,8,ES,Qualidade do Produto,18727,Neutro
SRV-001620,2025-12-19,0,GO,Atendimento,65406,Detrator
SRV-001621,2025-07-08,7,BA,Atendimento,27332,Neutro
SRV-001622,2025-09-08,1,SP,Preço,20834,Detrator
SRV-001623,2025-11-20,7,BA,Atendimento,30325,Neutro
SRV-001624,2025-08-17,2,PR,Preço,19213,Detrator
SRV-001625,2025-07-09,5,GO,Variedade,11403,Detrator
SRV-001626,2025-11-12,2,AM,Tempo de Entrega,66971,Detrator
SRV-001627,2025-05-04,6,MT,Qualidade do Produto,64030,Detrator
SRV-001628,2025-03-25,9,SP,Tempo de Entrega,83042,Promotor
SRV-001629,2025-10-24,8,ES,Tempo de Entrega,17591,Neutro
SRV-001630,2025-08-03,1,RJ,Variedade,22996,Detrator
SRV-001631,2025-08-25,4,ES,Atendimento,62485,Detrator
SRV-001632,2025-04-23,5,BA,Qualidade do Produto,57830,Detrator
SRV-001633,2025-08-05,3,PR,Atendimento,44370,Detrator
SRV-001634,2025-11-17,3,SP,Tempo de Entrega,67572,Detrator
SRV-001635,2025-09-03,3,RS,Preço,89008,Detrator
SRV-001636,2025-12-01,1,SP,Tempo de Entrega,39098,Detrator
SRV-001637,2025-11-15,3,PE,Atendimento,71561,Detrator
SRV-001638,2025-02-06,10,MG,Tempo de Entrega,12196,Promotor
SRV-001639,2025-03-05,0,MS,Preço,21091,Detrator
SRV-001640,2025-08-07,5,MG,Variedade,90576,Detrator
SRV-001641,2025-12-08,0,PA,Atendimento,75254,Detrator
SRV-001642,2025-02-03,9,PA,Tempo de Entrega,59262,Promotor
SRV-001643,2025-02-08,5,SC,Atendimento,16023,Detrator
SRV-001644,2025-03-08,0,CE,Variedade,30543,Detrator
SRV-001645,2025-07-28,5,SC,Tempo de Entrega,70029,Detrator
SRV-001646,2025-11-14,9,GO,Tempo de Entrega,52337,Promotor
SRV-001647,2025-12-10,7,MT,Atendimento,50409,Neutro
SRV-001648,2025-06-01,10,MT,Atendimento,80540,Promotor
SRV-001649,2025-12-31,1,SC,Preço,19963,Detrator
SRV-001650,2025-07-18,1,GO,Variedade,23796,Detrator
SRV-001651,2025-03-30,3,SP,Preço,50972,Detrator
SRV-001652,2025-09-05,10,PR,Tempo de Entrega,82613,Promotor
SRV-001653,2025-11-19,2,MS,Atendimento,88062,Detrator
SRV-001654,2025-03-20,3,SC,Tempo de Entrega,13261,Detrator
SRV-001655,2025-10-12,6,BA,Tempo de Entrega,27046,Detrator
SRV-001656,2025-11-26,10,GO,Qualidade do Produto,23397,Promotor
SRV-001657,2025-02-01,0,SP,Qualidade do Produto,70436,Detrator
SRV-001658,2025-03-28,5,PR,Tempo de Entrega,35757,Detrator
SRV-001659,2025-02-08,2,MG,Atendimento,25299,Detrator
SRV-001660,2025-04-11,10,RJ,Tempo de Entrega,11902,Promotor
SRV-001661,2025-09-01,9,MT,Qualidade do Produto,52399,Promotor
SRV-001662,2025-08-20,6,BA,Atendimento,58330,Detrator
SRV-001663,2025-03-09,9,RS,Tempo de Entrega,56308,Promotor
SRV-001664,2025-07-11,1,CE,Variedade,13846,Detrator
SRV-001665,2025-01-28,1,RS,Variedade,22359,Detrator
SRV-001666,2025-09-27,3,PR,Tempo de Entrega,59376,Detrator
SRV-001667,2025-08-14,0,MS,Atendimento,78056,Detrator
SRV-001668,2025-03-18,2,GO,Tempo de Entrega,50832,Detrator
SRV-001669,2025-08-11,8,PE,Tempo de Entrega,30098,Neutro
SRV-001670,2025-06-16,6,PR,Qualidade do Produto,59962,Detrator
SRV-001671,2025-10-11,6,RJ,Variedade,98672,Detrator
SRV-001672,2025-07-11,10,MG,Qualidade do Produto,45885,Promotor
SRV-001673,2025-03-30,3,ES,Qualidade do Produto,31157,Detrator
SRV-001674,2025-02-01,1,PA,Tempo de Entrega,58372,Detrator
SRV-001675,2025-05-17,3,PR,Qualidade do Produto,29674,Detrator
SRV-001676,2025-06-05,5,GO,Variedade,42357,Detrator
SRV-001677,2025-09-07,10,MG,Qualidade do Produto,22578,Promotor
SRV-001678,2025-04-05,10,MS,Variedade,12251,Promotor
SRV-001679,2025-01-17,2,AM,Qualidade do Produto,89049,Detrator
SRV-001680,2025-04-27,0,RS,Variedade,47429,Detrator
SRV-001681,2025-11-29,7,PR,Qualidade do Produto,56871,Neutro
SRV-001682,2025-11-07,4,PR,Qualidade do Produto,96526,Detrator
SRV-001683,2025-01-10,4,SC,Atendimento,35499,Detrator
SRV-001684,2025-03-21,10,RS,Variedade,16421,Promotor
SRV-001685,2025-05-14,3,CE,Variedade,62204,Detrator
SRV-001686,2025-07-22,5,CE,Variedade,34591,Detrator
SRV-001687,2025-04-26,2,BA,Preço,70940,Detrator
SRV-001688,2025-08-08,8,PE,Qualidade do Produto,96371,Neutro
SRV-001689,2025-09-10,4,MT,Variedade,22202,Detrator
SRV-001690,2025-06-18,2,ES,Preço,29290,Detrator
SRV-001691,2025-12-01,10,PR,Atendimento,28130,Promotor
SRV-001692,2025-11-12,0,PA,Variedade,47077,Detrator
SRV-001693,2025-07-24,9,PR,Variedade,29396,Promotor
SRV-001694,2025-10-25,5,BA,Preço,70848,Detrator
SRV-001695,2025-09-05,1,PE,Qualidade do Produto,93488,Detrator
SRV-001696,2025-12-31,2,RS,Atendimento,70530,Detrator
SRV-001697,2025-03-12,0,PA,Variedade,74274,Detrator
SRV-001698,2025-06-05,8,PR,Qualidade do Produto,37122,Neutro
SRV-001699,2025-04-12,7,MG,Atendimento,39381,Neutro
SRV-001700,2025-01-13,1,SP,Tempo de Entrega,55435,Detrator
SRV-001701,2025-09-28,10,MT,Tempo de Entrega,33267,Promotor
SRV-001702,2025-10-19,7,PE,Atendimento,71978,Neutro
SRV-001703,2025-08-08,8,PR,Preço,17088,Neutro
SRV-001704,2025-01-15,0,PE,Atendimento,22822,Detrator
SRV-001705,2025-08-26,4,CE,Atendimento,60216,Detrator
SRV-001706,2025-04-27,7,PA,Preço,46589,Neutro
SRV-001707,2025-11-27,10,MS,Preço,75262,Promotor
SRV-001708,2025-02-25,1,GO,Qualidade do Produto,67911,Detrator
SRV-001709,2025-12-17,3,AM,Qualidade do Produto,11436,Detrator
SRV-001710,2025-05-12,6,ES,Preço,71854,Detrator
SRV-001711,2025-08-14,2,PR,Tempo de Entrega,71888,Detrator
SRV-001712,2025-11-04,4,ES,Tempo de Entrega,37281,Detrator
SRV-001713,2025-08-10,7,RJ,Atendimento,98017,Neutro
SRV-001714,2025-06-22,9,MS,Variedade,94403,Promotor
SRV-001715,2025-12-06,2,SP,Atendimento,63952,Detrator
SRV-001716,2025-10-12,3,BA,Atendimento,32766,Detrator
SRV-001717,2025-11-05,8,ES,Variedade,31213,Neutro
SRV-001718,2025-06-06,6,PR,Preço,72239,Detrator
SRV-001719,2025-05-31,0,SC,Tempo de Entrega,32537,Detrator
SRV-001720,2025-07-04,3,AM,Atendimento,12794,Detrator
SRV-001721,2025-06-27,3,BA,Variedade,69204,Detrator
SRV-001722,2025-01-21,8,MT,Qualidade do Produto,42324,Neutro
SRV-001723,2025-04-22,5,BA,Atendimento,66764,Detrator
SRV-001724,2025-06-20,8,RS,Tempo de Entrega,40858,Neutro
SRV-001725,2025-05-18,5,ES,Preço,52850,Detrator
SRV-001726,2025-08-21,5,SC,Atendimento,23018,Detrator
SRV-001727,2025-11-28,4,ES,Atendimento,93017,Detrator
SRV-001728,2025-01-30,4,PA,Variedade,60790,Detrator
SRV-001729,2025-11-03,1,AM,Qualidade do Produto,91120,Detrator
SRV-001730,2025-06-10,7,RS,Qualidade do Produto,19850,Neutro
SRV-001731,2025-03-19,7,MS,Preço,55975,Neutro
SRV-001732,2025-10-05,10,GO,Tempo de Entrega,75510,Promotor
SRV-001733,2025-11-16,0,MS,Preço,75696,Detrator
SRV-001734,2025-01-21,7,PA,Atendimento,35832,Neutro
SRV-001735,2025-12-29,4,GO,Atendimento,97826,Detrator
SRV-001736,2025-05-23,1,GO,Qualidade do Produto,34886,Detrator
SRV-001737,2025-02-05,1,MT,Tempo de Entrega,18418,Detrator
SRV-001738,2025-10-30,5,AM,Variedade,17081,Detrator
SRV-001739,2025-08-02,10,SP,Tempo de Entrega,20114,Promotor
SRV-001740,2025-02-01,8,PR,Atendimento,28722,Neutro
SRV-001741,2025-07-05,0,PA,Variedade,97508,Detrator
SRV-001742,2025-06-23,5,AM,Tempo de Entrega,27985,Detrator
SRV-001743,2025-02-23,8,CE,Tempo de Entrega,15888,Neutro
SRV-001744,2025-06-10,7,MS,Variedade,79254,Neutro
SRV-001745,2025-09-07,10,PA,Atendimento,93845,Promotor
SRV-001746,2025-09-08,5,CE,Tempo de Entrega,29299,Detrator
SRV-001747,2025-10-06,2,PA,Variedade,66050,Detrator
SRV-001748,2025-06-20,7,ES,Atendimento,32036,Neutro
SRV-001749,2025-07-02,8,MT,Variedade,95421,Neutro
SRV-001750,2025-01-02,0,RS,Variedade,39346,Detrator
SRV-001751,2025-07-13,8,GO,Tempo de Entrega,36691,Neutro
SRV-001752,2025-06-15,5,PE,Atendimento,27986,Detrator
SRV-001753,2025-09-04,5,PR,Tempo de Entrega,37846,Detrator
SRV-001754,2025-09-01,3,ES,Preço,59665,Detrator
SRV-001755,2025-04-20,0,PA,Preço,51401,Detrator
SRV-001756,2025-11-19,9,PE,Atendimento,83728,Promotor
SRV-001757,2025-03-12,7,PR,Variedade,60054,Neutro
SRV-001758,2025-06-13,1,PE,Tempo de Entrega,48487,Detrator
SRV-001759,2025-10-12,0,BA,Tempo de Entrega,19412,Detrator
SRV-001760,2025-04-23,1,ES,Atendimento,91499,Detrator
SRV-001761,2025-08-16,0,MT,Atendimento,61473,Detrator
SRV-001762,2025-10-28,0,MT,Preço,76553,Detrator
SRV-001763,2025-01-16,8,RS,Qualidade do Produto,15279,Neutro
SRV-001764,2025-01-31,0,PR,Atendimento,85948,Detrator
SRV-001765,2025-06-11,3,CE,Qualidade do Produto,17712,Detrator
SRV-001766,2025-11-02,9,ES,Atendimento,25817,Promotor
SRV-001767,2025-07-12,5,PR,Variedade,63832,Detrator
SRV-001768,2025-07-29,6,PR,Variedade,66224,Detrator
SRV-001769,2025-08-20,1,MT,Preço,16624,Detrator
SRV-001770,2025-07-03,5,PA,Preço,39126,Detrator
SRV-001771,2025-01-15,6,PE,Qualidade do Produto,92115,Detrator
SRV-001772,2025-11-01,9,MS,Atendimento,90667,Promotor
SRV-001773,2025-07-28,9,PE,Tempo de Entrega,47462,Promotor
SRV-001774,2025-06-21,1,SC,Preço,68676,Detrator
SRV-001775,2025-09-23,1,AM,Tempo de Entrega,56815,Detrator
SRV-001776,2025-01-20,9,ES,Tempo de Entrega,98911,Promotor
SRV-001777,2025-03-11,6,PA,Atendimento,36093,Detrator
SRV-001778,2025-01-08,0,RJ,Qualidade do Produto,42525,Detrator
SRV-001779,2025-02-03,7,AM,Atendimento,39030,Neutro
SRV-001780,2025-08-12,10,MG,Preço,54067,Promotor
SRV-001781,2025-06-28,2,RJ,Tempo de Entrega,15207,Detrator
SRV-001782,2025-09-03,10,PR,Atendimento,86433,Promotor
SRV-001783,2025-09-17,5,SC,Atendimento,36639,Detrator
SRV-001784,2025-04-18,8,MT,Atendimento,12792,Neutro
SRV-001785,2025-08-30,5,PR,Preço,10420,Detrator
SRV-001786,2025-01-24,8,RJ,Qualidade do Produto,29198,Neutro
SRV-001787,2025-08-04,6,MS,Atendimento,45608,Detrator
SRV-001788,2025-02-24,8,PR,Preço,56205,Neutro
SRV-001789,2025-01-26,1,PE,Tempo de Entrega,92951,Detrator
SRV-001790,2025-10-08,7,ES,Variedade,27875,Neutro
SRV-001791,2025-10-19,7,MS,Preço,80511,Neutro
SRV-001792,2025-11-23,1,CE,Variedade,31331,Detrator
SRV-001793,2025-07-05,3,RJ,Atendimento,26893,Detrator
SRV-001794,2025-01-12,10,MG,Atendimento,74913,Promotor
SRV-001795,2025-05-09,6,MG,Preço,28243,Detrator
SRV-001796,2025-07-27,10,PE,Variedade,25535,Promotor
SRV-001797,2025-05-13,3,ES,Atendimento,73203,Detrator
SRV-001798,2025-12-05,3,PA,Tempo de Entrega,80597,Detrator
SRV-001799,2025-07-15,5,SP,Qualidade do Produto,77394,Detrator
SRV-001800,2025-09-19,9,SP,Qualidade do Produto,35489,Promotor
SRV-001801,2025-10-09,5,PA,Atendimento,89214,Detrator
SRV-001802,2025-04-13,9,RS,Variedade,94886,Promotor
SRV-001803,2025-04-30,2,RS,Atendimento,23346,Detrator
SRV-001804,2025-07-02,8,RJ,Variedade,58005,Neutro
SRV-001805,2025-01-09,9,PE,Tempo de Entrega,16773,Promotor
SRV-001806,2025-02-14,10,PE,Variedade,85324,Promotor
SRV-001807,2025-09-01,1,PR,Atendimento,42343,Detrator
SRV-001808,2025-09-27,5,PA,Tempo de Entrega,84783,Detrator
SRV-001809,2025-04-22,6,PA,Preço,55963,Detrator
SRV-001810,2025-02-24,8,MG,Qualidade do Produto,51983,Neutro
SRV-001811,2025-01-15,2,MG,Atendimento,45972,Detrator
SRV-001812,2025-02-06,9,MS,Atendimento,26959,Promotor
SRV-001813,2025-06-27,2,MG,Atendimento,99343,Detrator
SRV-001814,2025-05-07,6,SC,Tempo de Entrega,44133,Detrator
SRV-001815,2025-04-27,3,ES,Preço,99754,Detrator
SRV-001816,2025-12-06,7,BA,Variedade,61150,Neutro
SRV-001817,2025-03-13,6,PA,Preço,31734,Detrator
SRV-001818,2025-12-18,4,GO,Tempo de Entrega,98364,Detrator
SRV-001819,2025-04-21,6,MT,Atendimento,27400,Detrator
SRV-001820,2025-05-29,2,GO,Qualidade do Produto,30002,Detrator
SRV-001821,2025-07-04,1,MT,Atendimento,46492,Detrator
SRV-001822,2025-04-15,5,MT,Variedade,40875,Detrator
SRV-001823,2025-05-27,1,PR,Qualidade do Produto,35046,Detrator
SRV-001824,2025-08-09,2,SP,Atendimento,33664,Detrator
SRV-001825,2025-11-10,5,PE,Qualidade do Produto,34453,Detrator
SRV-001826,2025-12-17,4,SP,Preço,14746,Detrator
SRV-001827,2025-01-06,7,SC,Tempo de Entrega,99509,Neutro
SRV-001828,2025-09-17,8,SP,Atendimento,23217,Neutro
SRV-001829,2025-10-26,10,MG,Variedade,73184,Promotor
SRV-001830,2025-12-15,2,PA,Preço,98898,Detrator
SRV-001831,2025-02-11,9,CE,Atendimento,51835,Promotor
SRV-001832,2025-09-16,2,PR,Preço,19133,Detrator
SRV-001833,2025-09-28,2,PA,Variedade,50533,Detrator
SRV-001834,2025-02-16,5,CE,Atendimento,15404,Detrator
SRV-001835,2025-03-26,0,RS,Variedade,43339,Detrator
SRV-001836,2025-06-23,6,AM,Qualidade do Produto,38725,Detrator
SRV-001837,2025-02-27,0,CE,Variedade,84332,Detrator
SRV-001838,2025-07-18,4,BA,Qualidade do Produto,55380,Detrator
SRV-001839,2025-07-28,9,MS,Atendimento,58073,Promotor
SRV-001840,2025-09-05,7,PE,Qualidade do Produto,70873,Neutro
SRV-001841,2025-07-30,3,SC,Atendimento,96900,Detrator
SRV-001842,2025-02-08,4,PA,Atendimento,51341,Detrator
SRV-001843,2025-09-09,3,MT,Tempo de Entrega,11236,Detrator
SRV-001844,2025-05-11,3,PE,Atendimento,77916,Detrator
SRV-001845,2025-10-18,7,BA,Qualidade do Produto,24538,Neutro
SRV-001846,2025-09-07,1,PE,Tempo de Entrega,21971,Detrator
SRV-001847,2025-02-21,0,CE,Tempo de Entrega,93453,Detrator
SRV-001848,2025-01-14,2,ES,Atendimento,48655,Detrator
SRV-001849,2025-06-05,8,PE,Variedade,87022,Neutro
SRV-001850,2025-01-30,3,PA,Variedade,70784,Detrator
SRV-001851,2025-03-31,9,RS,Tempo de Entrega,71289,Promotor
SRV-001852,2025-06-16,4,PR,Atendimento,47410,Detrator
SRV-001853,2025-12-17,1,PR,Variedade,61302,Detrator
SRV-001854,2025-03-10,3,SP,Atendimento,31703,Detrator
SRV-001855,2025-06-12,1,RJ,Atendimento,54191,Detrator
SRV-001856,2025-08-30,1,CE,Tempo de Entrega,64112,Detrator
SRV-001857,2025-02-21,3,MG,Tempo de Entrega,21399,Detrator
SRV-001858,2025-05-22,5,AM,Preço,22685,Detrator
SRV-001859,2025-03-04,6,AM,Variedade,97777,Detrator
SRV-001860,2025-10-19,9,BA,Variedade,14487,Promotor
SRV-001861,2025-04-01,2,SC,Variedade,22018,Detrator
SRV-001862,2025-06-01,2,MS,Qualidade do Produto,40825,Detrator
SRV-001863,2025-06-06,9,CE,Atendimento,17750,Promotor
SRV-001864,2025-11-05,5,MT,Tempo de Entrega,68956,Detrator
SRV-001865,2025-12-31,2,GO,Variedade,60229,Detrator
SRV-001866,2025-05-30,1,PA,Preço,93220,Detrator
SRV-001867,2025-11-24,7,AM,Variedade,53118,Neutro
SRV-001868,2025-09-28,4,PR,Atendimento,69615,Detrator
SRV-001869,2025-03-10,0,GO,Atendimento,89946,Detrator
SRV-001870,2025-04-26,2,SP,Tempo de Entrega,67290,Detrator
SRV-001871,2025-07-11,9,MS,Qualidade do Produto,25105,Promotor
SRV-001872,2025-01-04,7,MT,Tempo de Entrega,28913,Neutro
SRV-001873,2025-03-16,3,MS,Variedade,59515,Detrator
SRV-001874,2025-10-25,6,PE,Preço,57342,Detrator
SRV-001875,2025-08-29,9,MG,Tempo de Entrega,62184,Promotor
SRV-001876,2025-01-30,1,MG,Qualidade do Produto,93247,Detrator
SRV-001877,2025-05-23,6,RJ,Tempo de Entrega,70506,Detrator
SRV-001878,2025-11-22,4,ES,Atendimento,34967,Detrator
SRV-001879,2025-07-02,4,MS,Variedade,46023,Detrator
SRV-001880,2025-01-16,5,RJ,Variedade,64288,Detrator
SRV-001881,2025-04-21,8,GO,Variedade,36622,Neutro
SRV-001882,2025-12-26,5,PE,Variedade,55201,Detrator
SRV-001883,2025-07-20,7,MS,Variedade,85033,Neutro
SRV-001884,2025-04-17,6,CE,Variedade,26350,Detrator
SRV-001885,2025-06-11,8,RS,Preço,64820,Neutro
SRV-001886,2025-10-10,3,BA,Qualidade do Produto,58709,Detrator
SRV-001887,2025-09-26,1,MG,Variedade,98232,Detrator
SRV-001888,2025-06-04,6,SC,Qualidade do Produto,37470,Detrator
SRV-001889,2025-03-14,5,PA,Variedade,40889,Detrator
SRV-001890,2025-07-16,0,CE,Tempo de Entrega,20224,Detrator
SRV-001891,2025-08-31,10,SC,Variedade,15465,Promotor
SRV-001892,2025-03-27,8,GO,Atendimento,92418,Neutro
SRV-001893,2025-10-14,8,SP,Preço,65214,Neutro
SRV-001894,2025-09-16,1,SC,Tempo de Entrega,12944,Detrator
SRV-001895,2025-10-13,2,GO,Tempo de Entrega,34336,Detrator
SRV-001896,2025-05-29,4,AM,Atendimento,48624,Detrator
SRV-001897,2025-12-21,4,MG,Variedade,75206,Detrator
SRV-001898,2025-07-09,0,MT,Preço,54764,Detrator
SRV-001899,2025-08-05,7,MG,Tempo de Entrega,55420,Neutro
SRV-001900,2025-12-21,7,MG,Preço,99758,Neutro
SRV-001901,2025-03-27,3,CE,Tempo de Entrega,75671,Detrator
SRV-001902,2025-08-04,6,MT,Variedade,25773,Detrator
SRV-001903,2025-11-16,10,PA,Tempo de Entrega,36447,Promotor
SRV-001904,2025-04-28,9,MT,Tempo de Entrega,14033,Promotor
SRV-001905,2025-03-28,2,PA,Qualidade do Produto,65852,Detrator
SRV-001906,2025-02-09,5,CE,Variedade,30497,Detrator
SRV-001907,2025-06-10,9,MT,Atendimento,89714,Promotor
SRV-001908,2025-07-10,9,BA,Atendimento,82082,Promotor
SRV-001909,2025-01-25,8,GO,Variedade,83932,Neutro
SRV-001910,2025-06-01,0,PR,Atendimento,30978,Detrator
SRV-001911,2025-04-05,4,ES,Variedade,22882,Detrator
SRV-001912,2025-02-15,3,GO,Atendimento,26945,Detrator
SRV-001913,2025-05-18,7,PE,Qualidade do Produto,97320,Neutro
SRV-001914,2025-10-15,10,PE,Atendimento,66485,Promotor
SRV-001915,2025-12-19,0,SP,Tempo de Entrega,78850,Detrator
SRV-001916,2025-06-13,8,RJ,Variedade,69870,Neutro
SRV-001917,2025-01-16,5,BA,Preço,28595,Detrator
SRV-001918,2025-01-18,3,PR,Preço,94291,Detrator
SRV-001919,2025-05-16,8,RS,Variedade,74038,Neutro
SRV-001920,2025-09-04,10,SP,Qualidade do Produto,66126,Promotor
SRV-001921,2025-09-05,4,MS,Atendimento,45449,Detrator
SRV-001922,2025-11-27,4,CE,Qualidade do Produto,28639,Detrator
SRV-001923,2025-07-17,4,MS,Preço,55370,Detrator
SRV-001924,2025-01-01,0,PR,Variedade,84628,Detrator
SRV-001925,2025-07-09,0,MT,Variedade,81918,Detrator
SRV-001926,2025-10-21,7,MS,Qualidade do Produto,52710,Neutro
SRV-001927,2025-02-14,7,MG,Qualidade do Produto,64051,Neutro
SRV-001928,2025-12-03,5,CE,Atendimento,70639,Detrator
SRV-001929,2025-02-01,10,MS,Tempo de Entrega,13159,Promotor
SRV-001930,2025-04-28,3,MS,Tempo de Entrega,81192,Detrator
SRV-001931,2025-10-23,1,AM,Atendimento,76988,Detrator
SRV-001932,2025-07-03,1,RJ,Tempo de Entrega,28706,Detrator
SRV-001933,2025-07-10,8,RJ,Preço,19862,Neutro
SRV-001934,2025-08-23,4,PE,Tempo de Entrega,20219,Detrator
SRV-001935,2025-08-26,3,GO,Atendimento,99017,Detrator
SRV-001936,2025-08-04,9,ES,Tempo de Entrega,44536,Promotor
SRV-001937,2025-03-15,0,ES,Variedade,81632,Detrator
SRV-001938,2025-04-21,6,RS,Qualidade do Produto,87391,Detrator
SRV-001939,2025-04-13,2,CE,Preço,72886,Detrator
SRV-001940,2025-12-25,5,CE,Variedade,89996,Detrator
SRV-001941,2025-03-15,4,GO,Variedade,43937,Detrator
SRV-001942,2025-09-09,4,RJ,Atendimento,31094,Detrator
SRV-001943,2025-04-24,10,MG,Qualidade do Produto,37924,Promotor
SRV-001944,2025-11-09,4,MG,Qualidade do Produto,93325,Detrator
SRV-001945,2025-11-26,0,SC,Preço,10123,Detrator
SRV-001946,2025-12-05,0,MG,Atendimento,63149,Detrator
SRV-001947,2025-08-26,2,MT,Preço,81445,Detrator
SRV-001948,2025-06-22,9,PR,Tempo de Entrega,41854,Promotor
SRV-001949,2025-03-20,3,ES,Variedade,70796,Detrator
SRV-001950,2025-04-03,4,MG,Preço,79432,Detrator
SRV-001951,2025-02-19,1,BA,Variedade,68968,Detrator
SRV-001952,2025-10-12,7,AM,Atendimento,50834,Neutro
SRV-001953,2025-08-11,10,CE,Tempo de Entrega,27111,Promotor
SRV-001954,2025-03-22,10,MG,Atendimento,82575,Promotor
SRV-001955,2025-09-23,1,SC,Tempo de Entrega,34099,Detrator
SRV-001956,2025-06-04,8,GO,Tempo de Entrega,79206,Neutro
SRV-001957,2025-08-21,1,PA,Variedade,60293,Detrator
SRV-001958,2025-11-12,8,RS,Atendimento,25029,Neutro
SRV-001959,2025-08-24,6,RS,Atendimento,41811,Detrator
SRV-001960,2025-06-08,7,RJ,Preço,25793,Neutro
SRV-001961,2025-11-12,10,AM,Atendimento,58106,Promotor
SRV-001962,2025-09-08,1,MG,Preço,95662,Detrator
SRV-001963,2025-11-10,6,MS,Qualidade do Produto,94764,Detrator
SRV-001964,2025-10-28,5,CE,Qualidade do Produto,94131,Detrator
SRV-001965,2025-10-09,3,CE,Qualidade do Produto,10972,Detrator
SRV-001966,2025-04-12,6,PA,Atendimento,10360,Detrator
SRV-001967,2025-02-20,3,ES,Atendimento,12632,Detrator
SRV-001968,2025-02-21,1,RS,Preço,45958,Detrator
SRV-001969,2025-07-28,9,RJ,Tempo de Entrega,90882,Promotor
SRV-001970,2025-11-03,6,MG,Preço,28008,Detrator
SRV-001971,2025-05-11,7,RS,Qualidade do Produto,87656,Neutro
SRV-001972,2025-09-27,1,RS,Preço,40283,Detrator
SRV-001973,2025-07-24,4,PA,Tempo de Entrega,60908,Detrator
SRV-001974,2025-08-07,0,CE,Atendimento,17818,Detrator
SRV-001975,2025-09-14,6,MG,Preço,80655,Detrator
SRV-001976,2025-07-04,7,MS,Qualidade do Produto,40579,Neutro
SRV-001977,2025-05-25,5,SP,Qualidade do Produto,65178,Detrator
SRV-001978,2025-06-27,4,MS,Atendimento,67584,Detrator
SRV-001979,2025-01-14,5,MG,Preço,75020,Detrator
SRV-001980,2025-09-03,1,PR,Tempo de Entrega,10975,Detrator
SRV-001981,2025-07-06,0,RS,Atendimento,73479,Detrator
SRV-001982,2025-12-03,6,ES,Preço,26265,Detrator
SRV-001983,2025-09-16,6,GO,Variedade,73518,Detrator
SRV-001984,2025-12-20,9,GO,Qualidade do Produto,14318,Promotor
SRV-001985,2025-02-09,10,MT,Tempo de Entrega,45081,Promotor
SRV-001986,2025-03-30,9,MT,Tempo de Entrega,68649,Promotor
SRV-001987,2025-05-05,1,PA,Tempo de Entrega,53069,Detrator
SRV-001988,2025-12-17,1,SP,Qualidade do Produto,88670,Detrator
SRV-001989,2025-01-09,0,SC,Preço,86377,Detrator
SRV-001990,2025-12-16,9,RJ,Atendimento,22427,Promotor
SRV-001991,2025-03-25,7,MS,Preço,50251,Neutro
SRV-001992,2025-01-21,7,MG,Atendimento,35165,Neutro
SRV-001993,2025-10-08,0,ES,Tempo de Entrega,77285,Detrator
SRV-001994,2025-12-24,10,SC,Preço,74927,Promotor
SRV-001995,2025-06-21,7,SC,Tempo de Entrega,83170,Neutro
SRV-001996,2025-01-25,8,RS,Variedade,86150,Neutro
SRV-001997,2025-04-13,3,PR,Tempo de Entrega,34866,Detrator
SRV-001998,2025-07-09,0,RS,Tempo de Entrega,20282,Detrator
SRV-001999,2025-08-24,0,RJ,Atendimento,30319,Detrator
SRV-002000,2025-11-09,2,SP,Variedade,46726,Detrator
SRV-002001,2025-02-06,4,MS,Tempo de Entrega,25412,Detrator
SRV-002002,2025-09-29,4,CE,Tempo de Entrega,83586,Detrator
SRV-002003,2025-10-20,8,BA,Variedade,34583,Neutro
SRV-002004,2025-11-28,9,SP,Variedade,93577,Promotor
SRV-002005,2025-06-01,1,MS,Preço,71922,Detrator
SRV-002006,2025-10-09,1,RJ,Atendimento,16185,Detrator
SRV-002007,2025-01-20,5,MT,Variedade,96348,Detrator
SRV-002008,2025-05-17,8,MS,Variedade,66389,Neutro
SRV-002009,2025-12-25,0,CE,Qualidade do Produto,27423,Detrator
SRV-002010,2025-01-29,8,SC,Variedade,61268,Neutro
SRV-002011,2025-01-31,8,SP,Atendimento,51644,Neutro
SRV-002012,2025-01-19,8,CE,Tempo de Entrega,46786,Neutro
SRV-002013,2025-05-28,4,MG,Tempo de Entrega,85525,Detrator
SRV-002014,2025-10-10,8,RS,Tempo de Entrega,93744,Neutro
SRV-002015,2025-12-16,10,MS,Tempo de Entrega,98590,Promotor
SRV-002016,2025-12-07,3,BA,Qualidade do Produto,40477,Detrator
SRV-002017,2025-10-27,1,ES,Variedade,13571,Detrator
SRV-002018,2025-06-12,5,MS,Tempo de Entrega,29576,Detrator
SRV-002019,2025-04-23,3,MG,Preço,72703,Detrator
SRV-002020,2025-05-30,5,SP,Tempo de Entrega,19680,Detrator
SRV-002021,2025-11-26,2,MS,Variedade,35706,Detrator
SRV-002022,2025-09-12,5,PE,Tempo de Entrega,89854,Detrator
SRV-002023,2025-03-28,1,CE,Qualidade do Produto,96195,Detrator
SRV-002024,2025-12-16,1,SC,Atendimento,74527,Detrator
SRV-002025,2025-04-08,8,SC,Atendimento,80565,Neutro
SRV-002026,2025-05-12,6,PE,Variedade,58436,Detrator
SRV-002027,2025-11-08,2,SP,Atendimento,12774,Detrator
SRV-002028,2025-04-07,10,SC,Atendimento,26972,Promotor
SRV-002029,2025-04-08,0,MS,Preço,24048,Detrator
SRV-002030,2025-10-17,7,PR,Variedade,90225,Neutro
SRV-002031,2025-12-22,5,GO,Variedade,92273,Detrator
SRV-002032,2025-08-15,6,MT,Atendimento,91550,Detrator
SRV-002033,2025-05-25,8,PA,Atendimento,97354,Neutro
SRV-002034,2025-06-05,4,SC,Atendimento,86680,Detrator
SRV-002035,2025-09-27,0,AM,Qualidade do Produto,67602,Detrator
SRV-002036,2025-06-11,9,MT,Tempo de Entrega,76403,Promotor
SRV-002037,2025-04-22,6,BA,Qualidade do Produto,37182,Detrator
SRV-002038,2025-11-27,4,PR,Variedade,89876,Detrator
SRV-002039,2025-07-04,2,RJ,Preço,87373,Detrator
SRV-002040,2025-07-24,8,MS,Tempo de Entrega,57059,Neutro
SRV-002041,2025-04-07,0,MS,Preço,18787,Detrator
SRV-002042,2025-02-24,0,RJ,Variedade,10393,Detrator
SRV-002043,2025-04-27,0,CE,Variedade,71775,Detrator
SRV-002044,2025-04-03,2,PR,Preço,69454,Detrator
SRV-002045,2025-10-20,5,MG,Preço,22056,Detrator
SRV-002046,2025-07-23,9,CE,Preço,71483,Promotor
SRV-002047,2025-10-09,10,MG,Variedade,54957,Promotor
SRV-002048,2025-07-08,2,BA,Atendimento,38429,Detrator
SRV-002049,2025-11-19,7,RS,Preço,55909,Neutro
SRV-002050,2025-03-25,9,SP,Tempo de Entrega,62906,Promotor
SRV-002051,2025-06-29,1,MS,Variedade,96290,Detrator
SRV-002052,2025-10-01,8,GO,Qualidade do Produto,54389,Neutro
SRV-002053,2025-06-30,2,MS,Qualidade do Produto,30905,Detrator
SRV-002054,2025-06-30,4,PR,Tempo de Entrega,99619,Detrator
SRV-002055,2025-10-10,9,PE,Atendimento,63730,Promotor
SRV-002056,2025-10-14,7,ES,Preço,67557,Neutro
SRV-002057,2025-04-16,1,SP,Variedade,96113,Detrator
SRV-002058,2025-05-09,5,BA,Preço,76199,Detrator
SRV-002059,2025-09-19,4,PR,Variedade,57301,Detrator
SRV-002060,2025-01-11,9,RJ,Qualidade do Produto,94752,Promotor
SRV-002061,2025-06-11,8,PA,Preço,57259,Neutro
SRV-002062,2025-06-30,4,MS,Tempo de Entrega,84801,Detrator
SRV-002063,2025-08-01,1,SP,Atendimento,14574,Detrator
SRV-002064,2025-10-01,4,AM,Tempo de Entrega,98291,Detrator
SRV-002065,2025-01-21,3,MS,Atendimento,66776,Detrator
SRV-002066,2025-10-02,10,MS,Preço,98212,Promotor
SRV-002067,2025-09-17,6,MS,Preço,97097,Detrator
SRV-002068,2025-11-29,5,MG,Atendimento,34737,Detrator
SRV-002069,2025-04-26,1,PE,Qualidade do Produto,33390,Detrator
SRV-002070,2025-01-25,10,SP,Variedade,62330,Promotor
SRV-002071,2025-11-29,10,ES,Tempo de Entrega,81082,Promotor
SRV-002072,2025-09-11,4,BA,Tempo de Entrega,63642,Detrator
SRV-002073,2025-07-30,6,BA,Tempo de Entrega,31280,Detrator
SRV-002074,2025-11-01,10,CE,Preço,31037,Promotor
SRV-002075,2025-11-17,6,MS,Tempo de Entrega,50576,Detrator
SRV-002076,2025-12-05,4,MT,Variedade,38564,Detrator
SRV-002077,2025-09-14,8,GO,Variedade,95439,Neutro
SRV-002078,2025-06-17,3,MT,Atendimento,99928,Detrator
SRV-002079,2025-12-03,10,BA,Preço,38087,Promotor
SRV-002080,2025-01-21,2,CE,Variedade,97829,Detrator
SRV-002081,2025-03-27,3,BA,Qualidade do Produto,86213,Detrator
SRV-002082,2025-01-15,4,ES,Preço,22803,Detrator
SRV-002083,2025-02-19,5,BA,Preço,56002,Detrator
SRV-002084,2025-10-31,2,PE,Variedade,76761,Detrator
SRV-002085,2025-11-01,1,RS,Qualidade do Produto,81310,Detrator
SRV-002086,2025-07-15,3,AM,Atendimento,88579,Detrator
SRV-002087,2025-12-30,4,MS,Variedade,26163,Detrator
SRV-002088,2025-10-28,3,RJ,Qualidade do Produto,78380,Detrator
SRV-002089,2025-10-15,10,PE,Preço,82883,Promotor
SRV-002090,2025-09-02,2,MT,Qualidade do Produto,61885,Detrator
SRV-002091,2025-12-19,7,BA,Preço,96340,Neutro
SRV-002092,2025-07-20,9,GO,Variedade,46764,Promotor
SRV-002093,2025-07-12,3,PR,Variedade,72126,Detrator
SRV-002094,2025-12-02,1,PA,Tempo de Entrega,77224,Detrator
SRV-002095,2025-05-26,1,MS,Tempo de Entrega,57055,Detrator
SRV-002096,2025-11-06,0,MG,Tempo de Entrega,61599,Detrator
SRV-002097,2025-05-07,3,RS,Variedade,92787,Detrator
SRV-002098,2025-06-24,9,AM,Atendimento,88040,Promotor
SRV-002099,2025-05-14,8,AM,Variedade,49720,Neutro
SRV-002100,2025-03-07,10,PA,Qualidade do Produto,54484,Promotor
SRV-002101,2025-12-31,6,RJ,Variedade,48852,Detrator
SRV-002102,2025-10-06,9,GO,Variedade,23219,Promotor
SRV-002103,2025-09-03,6,MG,Preço,58865,Detrator
SRV-002104,2025-12-29,6,MS,Preço,64457,Detrator
SRV-002105,2025-08-25,7,PE,Preço,46817,Neutro
SRV-002106,2025-06-20,0,ES,Variedade,78993,Detrator
SRV-002107,2025-02-20,9,ES,Atendimento,62380,Promotor
SRV-002108,2025-11-24,9,MG,Qualidade do Produto,60400,Promotor
SRV-002109,2025-12-25,7,PR,Qualidade do Produto,46258,Neutro
SRV-002110,2025-06-02,3,MG,Atendimento,91006,Detrator
SRV-002111,2025-03-21,3,PE,Atendimento,58957,Detrator
SRV-002112,2025-05-25,3,PA,Qualidade do Produto,28281,Detrator
SRV-002113,2025-10-01,5,MG,Tempo de Entrega,87264,Detrator
SRV-002114,2025-06-04,6,RJ,Preço,61331,Detrator
SRV-002115,2025-12-03,5,MS,Preço,55680,Detrator
SRV-002116,2025-12-29,0,PR,Qualidade do Produto,48723,Detrator
SRV-002117,2025-11-21,7,SC,Atendimento,20162,Neutro
SRV-002118,2025-12-02,9,SP,Tempo de Entrega,61095,Promotor
SRV-002119,2025-05-23,10,AM,Qualidade do Produto,21338,Promotor
SRV-002120,2025-10-25,6,MS,Preço,97832,Detrator
SRV-002121,2025-02-03,5,MT,Variedade,21675,Detrator
SRV-002122,2025-10-31,5,SC,Atendimento,99606,Detrator
SRV-002123,2025-08-27,4,CE,Variedade,30080,Detrator
SRV-002124,2025-05-18,5,MG,Qualidade do Produto,23936,Detrator
SRV-002125,2025-09-11,8,ES,Preço,20019,Neutro
SRV-002126,2025-01-05,9,SC,Tempo de Entrega,77282,Promotor
SRV-002127,2025-06-25,8,BA,Variedade,59681,Neutro
SRV-002128,2025-08-02,9,PA,Tempo de Entrega,98304,Promotor
SRV-002129,2025-12-30,7,PE,Preço,83861,Neutro
SRV-002130,2025-01-23,9,SC,Variedade,14486,Promotor
SRV-002131,2025-11-14,8,RS,Tempo de Entrega,92021,Neutro
SRV-002132,2025-01-13,9,PA,Tempo de Entrega,89864,Promotor
SRV-002133,2025-08-29,7,AM,Variedade,29112,Neutro
SRV-002134,2025-10-03,7,PR,Preço,61697,Neutro
SRV-002135,2025-04-02,0,AM,Tempo de Entrega,65998,Detrator
SRV-002136,2025-04-18,9,MS,Qualidade do Produto,36576,Promotor
SRV-002137,2025-08-17,10,PA,Variedade,60100,Promotor
SRV-002138,2025-06-01,4,PE,Atendimento,91238,Detrator
SRV-002139,2025-04-18,3,ES,Atendimento,31320,Detrator
SRV-002140,2025-10-16,1,CE,Preço,93973,Detrator
SRV-002141,2025-06-25,7,MT,Qualidade do Produto,75729,Neutro
SRV-002142,2025-11-16,2,SC,Tempo de Entrega,94879,Detrator
SRV-002143,2025-10-13,3,PR,Atendimento,39144,Detrator
SRV-002144,2025-12-30,6,SP,Preço,67326,Detrator
SRV-002145,2025-11-25,9,PR,Qualidade do Produto,87148,Promotor
SRV-002146,2025-12-31,8,GO,Qualidade do Produto,29307,Neutro
SRV-002147,2025-08-29,1,PR,Preço,70598,Detrator
SRV-002148,2025-05-25,2,AM,Preço,29623,Detrator
SRV-002149,2025-12-22,3,PE,Tempo de Entrega,30249,Detrator
SRV-002150,2025-01-14,9,SP,Preço,83765,Promotor
SRV-002151,2025-10-02,0,PA,Tempo de Entrega,82131,Detrator
SRV-002152,2025-03-12,6,PR,Tempo de Entrega,48377,Detrator
SRV-002153,2025-11-11,1,PA,Variedade,62365,Detrator
SRV-002154,2025-07-14,4,RS,Qualidade do Produto,44551,Detrator
SRV-002155,2025-12-19,0,MT,Qualidade do Produto,52926,Detrator
SRV-002156,2025-10-27,2,SC,Qualidade do Produto,97750,Detrator
SRV-002157,2025-01-11,1,SC,Variedade,48599,Detrator
SRV-002158,2025-04-16,0,MS,Tempo de Entrega,32593,Detrator
SRV-002159,2025-09-15,6,RS,Tempo de Entrega,70334,Detrator
SRV-002160,2025-07-15,4,SC,Preço,69893,Detrator
SRV-002161,2025-05-25,0,PR,Variedade,52636,Detrator
SRV-002162,2025-08-08,5,CE,Preço,79225,Detrator
SRV-002163,2025-12-16,4,PR,Variedade,50363,Detrator
SRV-002164,2025-06-23,2,PE,Preço,65959,Detrator
SRV-002165,2025-08-04,6,AM,Atendimento,90223,Detrator
SRV-002166,2025-04-03,10,BA,Qualidade do Produto,95917,Promotor
SRV-002167,2025-09-17,9,AM,Qualidade do Produto,99125,Promotor
SRV-002168,2025-03-04,8,MS,Tempo de Entrega,11120,Neutro
SRV-002169,2025-01-29,8,PA,Atendimento,26491,Neutro
SRV-002170,2025-10-02,8,CE,Qualidade do Produto,53638,Neutro
SRV-002171,2025-12-13,1,AM,Tempo de Entrega,49062,Detrator
SRV-002172,2025-10-12,2,ES,Atendimento,15193,Detrator
SRV-002173,2025-03-11,6,ES,Qualidade do Produto,99144,Detrator
SRV-002174,2025-10-06,4,CE,Preço,25213,Detrator
SRV-002175,2025-08-19,1,PR,Variedade,89766,Detrator
SRV-002176,2025-10-29,2,GO,Atendimento,93959,Detrator
SRV-002177,2025-09-12,9,GO,Tempo de Entrega,27187,Promotor
SRV-002178,2025-06-21,5,MG,Atendimento,20040,Detrator
SRV-002179,2025-06-29,6,PA,Tempo de Entrega,76302,Detrator
SRV-002180,2025-09-21,8,BA,Atendimento,39949,Neutro
SRV-002181,2025-07-02,0,RS,Tempo de Entrega,13527,Detrator
SRV-002182,2025-11-18,10,PR,Qualidade do Produto,86557,Promotor
SRV-002183,2025-07-24,6,CE,Preço,93408,Detrator
SRV-002184,2025-09-06,7,MG,Qualidade do Produto,87294,Neutro
SRV-002185,2025-08-01,2,PA,Preço,28757,Detrator
SRV-002186,2025-06-08,3,PR,Qualidade do Produto,35412,Detrator
SRV-002187,2025-04-10,9,MG,Qualidade do Produto,24312,Promotor
SRV-002188,2025-11-13,5,CE,Atendimento,32119,Detrator
SRV-002189,2025-04-22,9,PR,Variedade,21804,Promotor
SRV-002190,2025-11-04,6,SP,Tempo de Entrega,63986,Detrator
SRV-002191,2025-06-15,3,SC,Tempo de Entrega,56545,Detrator
SRV-002192,2025-02-05,7,CE,Tempo de Entrega,86519,Neutro
SRV-002193,2025-04-22,4,ES,Preço,39999,Detrator
SRV-002194,2025-03-28,0,ES,Tempo de Entrega,49758,Detrator
SRV-002195,2025-07-02,3,BA,Tempo de Entrega,79519,Detrator
SRV-002196,2025-03-26,2,RJ,Atendimento,13768,Detrator
SRV-002197,2025-09-26,8,ES,Qualidade do Produto,11504,Neutro
SRV-002198,2025-06-14,7,PA,Tempo de Entrega,77986,Neutro
SRV-002199,2025-10-30,0,RJ,Variedade,86772,Detrator
SRV-002200,2025-03-31,10,SP,Tempo de Entrega,18002,Promotor
SRV-002201,2025-08-26,5,CE,Preço,85427,Detrator
SRV-002202,2025-01-22,8,GO,Preço,48787,Neutro
SRV-002203,2025-06-16,6,GO,Preço,23898,Detrator
SRV-002204,2025-08-03,3,MG,Tempo de Entrega,20472,Detrator
SRV-002205,2025-02-27,0,MS,Atendimento,90800,Detrator
SRV-002206,2025-01-30,1,BA,Variedade,93227,Detrator
SRV-002207,2025-04-16,4,SC,Tempo de Entrega,42632,Detrator
SRV-002208,2025-11-26,10,MS,Atendimento,43743,Promotor
SRV-002209,2025-06-16,4,RS,Atendimento,88538,Detrator
SRV-002210,2025-12-16,7,RJ,Tempo de Entrega,53386,Neutro
SRV-002211,2025-06-03,5,SC,Tempo de Entrega,53388,Detrator
SRV-002212,2025-11-23,7,AM,Atendimento,31323,Neutro
SRV-002213,2025-01-07,1,BA,Atendimento,79269,Detrator
SRV-002214,2025-07-16,2,BA,Atendimento,51319,Detrator
SRV-002215,2025-11-17,5,ES,Tempo de Entrega,77759,Detrator
SRV-002216,2025-02-15,9,SC,Atendimento,26868,Promotor
SRV-002217,2025-01-18,2,AM,Preço,12080,Detrator
SRV-002218,2025-06-02,5,PR,Tempo de Entrega,23776,Detrator
SRV-002219,2025-09-21,5,PE,Preço,76231,Detrator
SRV-002220,2025-03-15,1,BA,Qualidade do Produto,65452,Detrator
SRV-002221,2025-05-25,6,RJ,Tempo de Entrega,63812,Detrator
SRV-002222,2025-04-12,1,MS,Qualidade do Produto,73271,Detrator
SRV-002223,2025-12-01,5,GO,Atendimento,87585,Detrator
SRV-002224,2025-12-01,0,RS,Atendimento,68542,Detrator
SRV-002225,2025-05-01,2,RS,Variedade,25628,Detrator
SRV-002226,2025-06-25,1,MT,Atendimento,18265,Detrator
SRV-002227,2025-03-04,6,AM,Qualidade do Produto,34671,Detrator
SRV-002228,2025-10-23,3,AM,Atendimento,22460,Detrator
SRV-002229,2025-03-25,7,MS,Tempo de Entrega,13477,Neutro
SRV-002230,2025-01-15,5,SP,Atendimento,12202,Detrator
SRV-002231,2025-12-21,9,SP,Variedade,99410,Promotor
SRV-002232,2025-05-14,3,MS,Atendimento,21850,Detrator
SRV-002233,2025-05-01,4,ES,Qualidade do Produto,30809,Detrator
SRV-002234,2025-11-15,8,PR,Qualidade do Produto,80886,Neutro
SRV-002235,2025-05-08,6,PA,Atendimento,12806,Detrator
SRV-002236,2025-10-15,9,ES,Qualidade do Produto,17163,Promotor
SRV-002237,2025-10-28,8,RS,Qualidade do Produto,10185,Neutro
SRV-002238,2025-06-29,6,MG,Variedade,34718,Detrator
SRV-002239,2025-03-23,0,RS,Tempo de Entrega,87081,Detrator
SRV-002240,2025-01-13,7,GO,Variedade,66202,Neutro
SRV-002241,2025-01-24,3,BA,Preço,35215,Detrator
SRV-002242,2025-06-17,2,SC,Variedade,38325,Detrator
SRV-002243,2025-09-27,6,SC,Atendimento,28458,Detrator
SRV-002244,2025-03-11,2,BA,Tempo de Entrega,26006,Detrator
SRV-002245,2025-11-14,7,BA,Atendimento,42969,Neutro
SRV-002246,2025-03-30,5,RS,Preço,86820,Detrator
SRV-002247,2025-07-08,4,SC,Tempo de Entrega,37655,Detrator
SRV-002248,2025-09-14,3,SC,Qualidade do Produto,91234,Detrator
SRV-002249,2025-08-05,7,CE,Variedade,19102,Neutro
SRV-002250,2025-02-01,7,MT,Atendimento,77107,Neutro
SRV-002251,2025-05-21,0,GO,Preço,31553,Detrator
SRV-002252,2025-06-10,8,GO,Qualidade do Produto,94079,Neutro
SRV-002253,2025-02-01,4,SC,Variedade,89570,Detrator
SRV-002254,2025-11-08,3,BA,Qualidade do Produto,76865,Detrator
SRV-002255,2025-06-01,5,SP,Variedade,51420,Detrator
SRV-002256,2025-12-13,5,PR,Tempo de Entrega,35382,Detrator
SRV-002257,2025-09-17,1,MG,Qualidade do Produto,79235,Detrator
SRV-002258,2025-08-04,7,MS,Qualidade do Produto,48795,Neutro
SRV-002259,2025-10-06,6,BA,Qualidade do Produto,61425,Detrator
SRV-002260,2025-10-12,0,MT,Tempo de Entrega,67402,Detrator
SRV-002261,2025-04-08,4,SC,Preço,72539,Detrator
SRV-002262,2025-01-30,5,AM,Variedade,86203,Detrator
SRV-002263,2025-03-31,3,RJ,Qualidade do Produto,33459,Detrator
SRV-002264,2025-05-28,1,PA,Tempo de Entrega,59649,Detrator
SRV-002265,2025-05-24,3,GO,Preço,82495,Detrator
SRV-002266,2025-03-08,0,RS,Variedade,56384,Detrator
SRV-002267,2025-12-23,6,RS,Tempo de Entrega,81746,Detrator
SRV-002268,2025-02-27,1,GO,Variedade,88053,Detrator
SRV-002269,2025-10-08,1,PR,Qualidade do Produto,66278,Detrator
SRV-002270,2025-10-06,8,BA,Preço,88156,Neutro
SRV-002271,2025-08-24,4,AM,Tempo de Entrega,46744,Detrator
SRV-002272,2025-12-19,1,PR,Preço,98340,Detrator
SRV-002273,2025-05-08,10,SP,Qualidade do Produto,40568,Promotor
SRV-002274,2025-12-03,8,PE,Preço,27991,Neutro
SRV-002275,2025-07-28,8,ES,Preço,18912,Neutro
SRV-002276,2025-07-05,0,GO,Atendimento,42527,Detrator
SRV-002277,2025-06-18,10,RJ,Preço,60426,Promotor
SRV-002278,2025-06-21,2,ES,Variedade,30407,Detrator
SRV-002279,2025-09-17,3,AM,Tempo de Entrega,22344,Detrator
SRV-002280,2025-07-24,6,GO,Atendimento,12355,Detrator
SRV-002281,2025-05-15,9,PE,Tempo de Entrega,64733,Promotor
SRV-002282,2025-02-15,3,RJ,Tempo de Entrega,76285,Detrator
SRV-002283,2025-01-09,1,ES,Qualidade do Produto,94971,Detrator
SRV-002284,2025-06-10,6,RJ,Qualidade do Produto,55733,Detrator
SRV-002285,2025-10-16,5,PR,Atendimento,66915,Detrator
SRV-002286,2025-12-06,2,MG,Qualidade do Produto,62716,Detrator
SRV-002287,2025-11-17,5,CE,Qualidade do Produto,48526,Detrator
SRV-002288,2025-04-16,10,RJ,Qualidade do Produto,28088,Promotor
SRV-002289,2025-10-17,5,AM,Tempo de Entrega,75377,Detrator
SRV-002290,2025-12-07,4,PE,Atendimento,54405,Detrator
SRV-002291,2025-03-29,3,PR,Tempo de Entrega,48842,Detrator
SRV-002292,2025-07-11,9,CE,Variedade,71788,Promotor
SRV-002293,2025-06-02,0,PR,Tempo de Entrega,61529,Detrator
SRV-002294,2025-11-07,9,SP,Variedade,99939,Promotor
SRV-002295,2025-05-17,5,SC,Preço,62383,Detrator
SRV-002296,2025-09-30,1,GO,Preço,49177,Detrator
SRV-002297,2025-05-29,2,RS,Variedade,49056,Detrator
SRV-002298,2025-07-07,7,SP,Variedade,98249,Neutro
SRV-002299,2025-05-21,9,PE,Tempo de Entrega,76421,Promotor
SRV-002300,2025-05-11,5,BA,Variedade,43632,Detrator
SRV-002301,2025-01-04,2,MS,Atendimento,49685,Detrator
SRV-002302,2025-09-20,6,AM,Preço,87222,Detrator
SRV-002303,2025-01-26,3,AM,Preço,78590,Detrator
SRV-002304,2025-01-24,8,BA,Variedade,18977,Neutro
SRV-002305,2025-09-23,4,RS,Qualidade do Produto,58967,Detrator
SRV-002306,2025-08-17,2,PR,Qualidade do Produto,84072,Detrator
SRV-002307,2025-09-26,1,MG,Variedade,25070,Detrator
SRV-002308,2025-05-05,10,PA,Atendimento,92473,Promotor
SRV-002309,2025-06-21,1,MS,Qualidade do Produto,31500,Detrator
SRV-002310,2025-08-22,2,AM,Variedade,20011,Detrator
SRV-002311,2025-10-22,1,PE,Atendimento,58039,Detrator
SRV-002312,2025-10-02,3,AM,Atendimento,18896,Detrator
SRV-002313,2025-03-17,1,RS,Tempo de Entrega,90118,Detrator
SRV-002314,2025-11-04,9,MT,Atendimento,49958,Promotor
SRV-002315,2025-08-02,8,CE,Qualidade do Produto,51912,Neutro
SRV-002316,2025-06-07,1,CE,Qualidade do Produto,10814,Detrator
SRV-002317,2025-10-29,8,BA,Variedade,85276,Neutro
SRV-002318,2025-07-23,5,AM,Variedade,34719,Detrator
SRV-002319,2025-05-29,0,SC,Atendimento,30150,Detrator
SRV-002320,2025-03-16,3,MS,Preço,80494,Detrator
SRV-002321,2025-08-17,0,AM,Tempo de Entrega,13825,Detrator
SRV-002322,2025-10-31,5,MT,Preço,60368,Detrator
SRV-002323,2025-03-03,3,AM,Atendimento,24800,Detrator
SRV-002324,2025-02-27,2,PR,Atendimento,85535,Detrator
SRV-002325,2025-10-01,2,PA,Preço,96390,Detrator
SRV-002326,2025-04-18,8,BA,Tempo de Entrega,85017,Neutro
SRV-002327,2025-07-06,5,MG,Preço,58505,Detrator
SRV-002328,2025-08-17,8,MS,Variedade,67899,Neutro
SRV-002329,2025-02-17,4,GO,Qualidade do Produto,92782,Detrator
SRV-002330,2025-11-15,1,GO,Variedade,32601,Detrator
SRV-002331,2025-09-25,7,RS,Qualidade do Produto,20677,Neutro
SRV-002332,2025-08-03,4,RJ,Atendimento,39552,Detrator
SRV-002333,2025-10-17,1,MG,Tempo de Entrega,97858,Detrator
SRV-002334,2025-09-11,3,PA,Preço,77891,Detrator
SRV-002335,2025-12-24,8,GO,Tempo de Entrega,84693,Neutro
SRV-002336,2025-03-28,3,MS,Preço,43292,Detrator
SRV-002337,2025-06-30,3,PA,Variedade,76097,Detrator
SRV-002338,2025-01-25,1,RJ,Variedade,83703,Detrator
SRV-002339,2025-08-10,5,PR,Preço,26184,Detrator
SRV-002340,2025-02-18,10,RS,Tempo de Entrega,99336,Promotor
SRV-002341,2025-11-30,1,MT,Preço,71046,Detrator
SRV-002342,2025-06-24,6,CE,Atendimento,76741,Detrator
SRV-002343,2025-11-07,2,MT,Variedade,71377,Detrator
SRV-002344,2025-10-01,2,MT,Atendimento,22039,Detrator
SRV-002345,2025-02-04,4,MT,Variedade,55161,Detrator
SRV-002346,2025-08-05,2,PA,Variedade,45006,Detrator
SRV-002347,2025-07-28,1,CE,Qualidade do Produto,27544,Detrator
SRV-002348,2025-06-09,9,PA,Atendimento,22987,Promotor
SRV-002349,2025-01-07,8,PA,Atendimento,15239,Neutro
SRV-002350,2025-09-26,1,PA,Qualidade do Produto,54785,Detrator
SRV-002351,2025-05-06,10,GO,Tempo de Entrega,33358,Promotor
SRV-002352,2025-11-21,1,AM,Atendimento,92674,Detrator
SRV-002353,2025-12-22,7,SP,Preço,66450,Neutro
SRV-002354,2025-03-31,8,GO,Qualidade do Produto,98520,Neutro
SRV-002355,2025-02-11,6,CE,Atendimento,38428,Detrator
SRV-002356,2025-12-31,2,PE,Tempo de Entrega,19096,Detrator
SRV-002357,2025-06-08,8,SP,Atendimento,57582,Neutro
SRV-002358,2025-07-21,2,SP,Variedade,34536,Detrator
SRV-002359,2025-10-09,4,AM,Preço,67395,Detrator
SRV-002360,2025-11-28,8,PA,Qualidade do Produto,78157,Neutro
SRV-002361,2025-10-15,2,MS,Variedade,79484,Detrator
SRV-002362,2025-04-01,6,CE,Tempo de Entrega,11287,Detrator
SRV-002363,2025-05-05,0,BA,Variedade,64510,Detrator
SRV-002364,2025-05-06,3,SC,Variedade,33902,Detrator
SRV-002365,2025-02-21,3,SC,Tempo de Entrega,66188,Detrator
SRV-002366,2025-04-13,6,MS,Variedade,31164,Detrator
SRV-002367,2025-12-27,7,PE,Qualidade do Produto,91204,Neutro
SRV-002368,2025-07-06,0,PA,Atendimento,11772,Detrator
SRV-002369,2025-07-24,4,ES,Variedade,63054,Detrator
SRV-002370,2025-01-14,6,BA,Qualidade do Produto,64878,Detrator
SRV-002371,2025-04-14,3,ES,Atendimento,42238,Detrator
SRV-002372,2025-04-27,3,AM,Atendimento,68293,Detrator
SRV-002373,2025-10-31,3,RJ,Variedade,91298,Detrator
SRV-002374,2025-04-03,5,MT,Qualidade do Produto,17213,Detrator
SRV-002375,2025-05-24,6,PA,Variedade,24941,Detrator
SRV-002376,2025-04-20,1,BA,Tempo de Entrega,25964,Detrator
SRV-002377,2025-06-12,4,MS,Atendimento,36855,Detrator
SRV-002378,2025-02-22,3,RS,Variedade,68769,Detrator
SRV-002379,2025-01-03,2,ES,Atendimento,93504,Detrator
SRV-002380,2025-03-09,6,PE,Qualidade do Produto,11046,Detrator
SRV-002381,2025-09-03,10,PA,Preço,24909,Promotor
SRV-002382,2025-05-18,5,PE,Variedade,89114,Detrator
SRV-002383,2025-11-04,6,BA,Variedade,33368,Detrator
SRV-002384,2025-12-18,4,AM,Atendimento,81255,Detrator
SRV-002385,2025-10-14,5,SP,Qualidade do Produto,91496,Detrator
SRV-002386,2025-03-07,4,RS,Tempo de Entrega,99142,Detrator
SRV-002387,2025-12-13,6,PR,Qualidade do Produto,25624,Detrator
SRV-002388,2025-11-21,1,RS,Variedade,20352,Detrator
SRV-002389,2025-06-04,10,MS,Tempo de Entrega,90539,Promotor
SRV-002390,2025-03-28,4,PE,Qualidade do Produto,19223,Detrator
SRV-002391,2025-02-02,5,RJ,Preço,88254,Detrator
SRV-002392,2025-03-09,5,GO,Atendimento,76851,Detrator
SRV-002393,2025-07-06,4,AM,Qualidade do Produto,60044,Detrator
SRV-002394,2025-07-11,9,MT,Qualidade do Produto,97089,Promotor
SRV-002395,2025-08-01,6,ES,Preço,95000,Detrator
SRV-002396,2025-03-29,9,ES,Variedade,41419,Promotor
SRV-002397,2025-12-17,7,RJ,Atendimento,23767,Neutro
SRV-002398,2025-04-18,6,MG,Qualidade do Produto,82002,Detrator
SRV-002399,2025-08-28,4,MT,Tempo de Entrega,41028,Detrator
SRV-002400,2025-08-04,0,AM,Qualidade do Produto,57953,Detrator
SRV-002401,2025-06-26,4,AM,Atendimento,67965,Detrator
SRV-002402,2025-02-22,9,GO,Qualidade do Produto,79776,Promotor
SRV-002403,2025-11-26,1,BA,Preço,41459,Detrator
SRV-002404,2025-02-18,4,MS,Qualidade do Produto,92331,Detrator
SRV-002405,2025-04-24,4,PE,Qualidade do Produto,34689,Detrator
SRV-002406,2025-04-05,1,SC,Tempo de Entrega,90446,Detrator
SRV-002407,2025-01-25,4,CE,Preço,77982,Detrator
SRV-002408,2025-05-12,3,RJ,Preço,13346,Detrator
SRV-002409,2025-06-28,0,RJ,Qualidade do Produto,55179,Detrator
SRV-002410,2025-05-25,2,RS,Tempo de Entrega,50517,Detrator
SRV-002411,2025-12-30,0,BA,Qualidade do Produto,79678,Detrator
SRV-002412,2025-07-17,10,BA,Qualidade do Produto,91606,Promotor
SRV-002413,2025-11-21,4,AM,Atendimento,82623,Detrator
SRV-002414,2025-03-25,3,SC,Atendimento,99288,Detrator
SRV-002415,2025-06-06,6,CE,Tempo de Entrega,91171,Detrator
SRV-002416,2025-03-26,4,BA,Variedade,68916,Detrator
SRV-002417,2025-09-10,9,AM,Atendimento,97754,Promotor
SRV-002418,2025-03-13,3,PA,Variedade,58575,Detrator
SRV-002419,2025-08-11,1,SP,Preço,55039,Detrator
SRV-002420,2025-10-03,3,PE,Atendimento,59955,Detrator
SRV-002421,2025-10-10,1,GO,Atendimento,90260,Detrator
SRV-002422,2025-09-21,7,MS,Tempo de Entrega,65871,Neutro
SRV-002423,2025-09-03,2,SP,Variedade,70678,Detrator
SRV-002424,2025-12-07,8,GO,Atendimento,41351,Neutro
SRV-002425,2025-03-02,3,MG,Atendimento,70693,Detrator
SRV-002426,2025-09-16,5,MS,Tempo de Entrega,41433,Detrator
SRV-002427,2025-01-07,9,PE,Tempo de Entrega,84797,Promotor
SRV-002428,2025-07-07,4,PA,Variedade,89015,Detrator
SRV-002429,2025-01-04,9,MT,Preço,25804,Promotor
SRV-002430,2025-08-19,0,PR,Preço,55101,Detrator
SRV-002431,2025-05-13,8,PE,Qualidade do Produto,70115,Neutro
SRV-002432,2025-05-05,0,PE,Atendimento,88363,Detrator
SRV-002433,2025-01-15,7,SC,Variedade,54700,Neutro
SRV-002434,2025-01-13,8,MT,Atendimento,87576,Neutro
SRV-002435,2025-04-28,8,SP,Variedade,29477,Neutro
SRV-002436,2025-08-28,0,CE,Variedade,26127,Detrator
SRV-002437,2025-09-20,1,RS,Variedade,96718,Detrator
SRV-002438,2025-12-26,0,AM,Atendimento,36049,Detrator
SRV-002439,2025-01-06,9,SC,Tempo de Entrega,22473,Promotor
SRV-002440,2025-11-16,1,PE,Atendimento,92245,Detrator
SRV-002441,2025-08-19,9,RS,Variedade,71836,Promotor
SRV-002442,2025-01-30,7,AM,Qualidade do Produto,52464,Neutro
SRV-002443,2025-01-22,4,MS,Preço,23714,Detrator
SRV-002444,2025-06-05,10,MT,Variedade,70878,Promotor
SRV-002445,2025-04-28,6,MS,Qualidade do Produto,44208,Detrator
SRV-002446,2025-12-06,1,GO,Tempo de Entrega,97104,Detrator
SRV-002447,2025-07-12,7,ES,Variedade,84683,Neutro
SRV-002448,2025-12-12,10,RS,Qualidade do Produto,91803,Promotor
SRV-002449,2025-07-14,5,RJ,Variedade,51514,Detrator
SRV-002450,2025-06-17,7,SC,Atendimento,15136,Neutro
SRV-002451,2025-08-27,0,PA,Qualidade do Produto,41516,Detrator
SRV-002452,2025-12-28,0,SC,Atendimento,86982,Detrator
SRV-002453,2025-09-01,6,RJ,Atendimento,73878,Detrator
SRV-002454,2025-03-10,7,AM,Qualidade do Produto,55099,Neutro
SRV-002455,2025-04-05,2,ES,Preço,23188,Detrator
SRV-002456,2025-03-18,4,BA,Qualidade do Produto,61188,Detrator
SRV-002457,2025-06-20,0,BA,Preço,15560,Detrator
SRV-002458,2025-01-01,6,GO,Variedade,46397,Detrator
SRV-002459,2025-03-03,4,BA,Variedade,87193,Detrator
SRV-002460,2025-07-26,7,BA,Qualidade do Produto,48082,Neutro
SRV-002461,2025-06-03,7,SP,Variedade,94376,Neutro
SRV-002462,2025-10-01,8,RJ,Tempo de Entrega,51430,Neutro
SRV-002463,2025-02-17,6,MS,Atendimento,60522,Detrator
SRV-002464,2025-05-17,10,PA,Atendimento,50397,Promotor
SRV-002465,2025-01-01,0,ES,Preço,86860,Detrator
SRV-002466,2025-08-23,2,MS,Variedade,35247,Detrator
SRV-002467,2025-09-13,7,PE,Preço,93094,Neutro
SRV-002468,2025-04-17,2,MG,Atendimento,29943,Detrator
SRV-002469,2025-06-22,7,AM,Atendimento,49460,Neutro
SRV-002470,2025-05-10,0,SC,Variedade,51986,Detrator
SRV-002471,2025-10-21,4,RS,Tempo de Entrega,54514,Detrator
SRV-002472,2025-02-09,3,BA,Tempo de Entrega,90908,Detrator
SRV-002473,2025-12-04,4,GO,Variedade,62385,Detrator
SRV-002474,2025-01-16,7,RS,Variedade,22631,Neutro
SRV-002475,2025-05-07,9,MG,Preço,77008,Promotor
SRV-002476,2025-12-15,3,SC,Variedade,36955,Detrator
SRV-002477,2025-07-22,10,PR,Tempo de Entrega,57367,Promotor
SRV-002478,2025-05-14,3,PA,Variedade,40802,Detrator
SRV-002479,2025-09-16,2,GO,Preço,80408,Detrator
SRV-002480,2025-01-14,6,MS,Preço,53341,Detrator
SRV-002481,2025-03-07,2,CE,Preço,23691,Detrator
SRV-002482,2025-12-17,2,ES,Preço,14753,Detrator
SRV-002483,2025-12-08,10,SP,Qualidade do Produto,11833,Promotor
SRV-002484,2025-07-14,9,AM,Variedade,18645,Promotor
SRV-002485,2025-04-24,4,GO,Atendimento,50024,Detrator
SRV-002486,2025-06-08,4,RS,Variedade,90598,Detrator
SRV-002487,2025-06-10,5,BA,Qualidade do Produto,19635,Detrator
SRV-002488,2025-09-11,7,RJ,Preço,30064,Neutro
SRV-002489,2025-01-15,9,RS,Qualidade do Produto,19940,Promotor
SRV-002490,2025-02-06,5,SC,Tempo de Entrega,45169,Detrator
SRV-002491,2025-06-04,0,PR,Tempo de Entrega,88647,Detrator
SRV-002492,2025-01-27,7,GO,Variedade,55200,Neutro
SRV-002493,2025-01-12,7,ES,Variedade,66329,Neutro
SRV-002494,2025-03-08,8,RJ,Atendimento,61158,Neutro
SRV-002495,2025-01-30,8,CE,Atendimento,39739,Neutro
SRV-002496,2025-04-06,1,SC,Tempo de Entrega,27793,Detrator
SRV-002497,2025-08-03,1,PR,Preço,93682,Detrator
SRV-002498,2025-07-13,2,RJ,Qualidade do Produto,43677,Detrator
SRV-002499,2025-05-15,0,CE,Atendimento,76296,Detrator
SRV-002500,2025-10-17,3,RS,Atendimento,33022,Detrator
SRV-002501,2025-02-01,3,SC,Preço,81148,Detrator
SRV-002502,2025-02-08,8,MS,Preço,37265,Neutro
SRV-002503,2025-12-18,8,PA,Variedade,10530,Neutro
SRV-002504,2025-07-25,8,PA,Qualidade do Produto,19551,Neutro
SRV-002505,2025-02-12,9,MT,Preço,38394,Promotor
SRV-002506,2025-12-03,6,PE,Atendimento,52987,Detrator
SRV-002507,2025-09-16,1,MT,Atendimento,58984,Detrator
SRV-002508,2025-09-06,9,CE,Tempo de Entrega,78096,Promotor
SRV-002509,2025-03-15,4,PR,Preço,94097,Detrator
SRV-002510,2025-11-15,3,PE,Variedade,80639,Detrator
SRV-002511,2025-10-23,10,PE,Qualidade do Produto,34090,Promotor
SRV-002512,2025-10-01,7,GO,Variedade,93457,Neutro
SRV-002513,2025-11-19,1,SP,Atendimento,12781,Detrator
SRV-002514,2025-12-25,5,PR,Variedade,27330,Detrator
SRV-002515,2025-07-09,4,PE,Atendimento,15257,Detrator
SRV-002516,2025-05-18,1,RS,Atendimento,68642,Detrator
SRV-002517,2025-10-29,10,SC,Atendimento,64249,Promotor
SRV-002518,2025-11-07,9,SC,Atendimento,61663,Promotor
SRV-002519,2025-11-27,0,MT,Atendimento,44956,Detrator
SRV-002520,2025-12-19,7,RS,Tempo de Entrega,25615,Neutro
SRV-002521,2025-10-09,1,SP,Variedade,10881,Detrator
SRV-002522,2025-06-15,6,ES,Tempo de Entrega,11847,Detrator
SRV-002523,2025-10-05,8,GO,Tempo de Entrega,61127,Neutro
SRV-002524,2025-01-26,8,PA,Preço,97646,Neutro
SRV-002525,2025-03-14,7,SP,Preço,47336,Neutro
SRV-002526,2025-04-25,10,SC,Preço,91850,Promotor
SRV-002527,2025-02-20,9,AM,Qualidade do Produto,49931,Promotor
SRV-002528,2025-06-20,8,GO,Preço,53924,Neutro
SRV-002529,2025-09-25,1,ES,Variedade,32966,Detrator
SRV-002530,2025-01-03,5,SP,Tempo de Entrega,54023,Detrator
SRV-002531,2025-07-29,3,PE,Variedade,21320,Detrator
SRV-002532,2025-12-04,3,MS,Preço,67841,Detrator
SRV-002533,2025-10-28,4,ES,Qualidade do Produto,75125,Detrator
SRV-002534,2025-12-08,2,MS,Qualidade do Produto,77752,Detrator
SRV-002535,2025-04-25,0,SC,Tempo de Entrega,99937,Detrator
SRV-002536,2025-06-16,7,GO,Variedade,71858,Neutro
SRV-002537,2025-09-22,4,RS,Atendimento,68714,Detrator
SRV-002538,2025-08-15,2,BA,Variedade,21780,Detrator
SRV-002539,2025-05-31,9,MS,Preço,86230,Promotor
SRV-002540,2025-09-25,6,GO,Atendimento,80345,Detrator
SRV-002541,2025-04-26,6,MT,Qualidade do Produto,92098,Detrator
SRV-002542,2025-03-29,0,PE,Tempo de Entrega,11929,Detrator
SRV-002543,2025-11-14,8,PE,Tempo de Entrega,24244,Neutro
SRV-002544,2025-08-30,1,BA,Qualidade do Produto,21116,Detrator
SRV-002545,2025-12-26,4,CE,Preço,97954,Detrator
SRV-002546,2025-11-25,4,MT,Qualidade do Produto,91243,Detrator
SRV-002547,2025-11-29,7,PA,Preço,93301,Neutro
SRV-002548,2025-02-09,7,MS,Atendimento,45895,Neutro
SRV-002549,2025-07-01,6,MS,Qualidade do Produto,88636,Detrator
SRV-002550,2025-07-28,6,PA,Preço,33867,Detrator
SRV-002551,2025-09-30,10,AM,Atendimento,11208,Promotor
SRV-002552,2025-04-29,5,MG,Qualidade do Produto,54085,Detrator
SRV-002553,2025-01-24,5,MS,Tempo de Entrega,75572,Detrator
SRV-002554,2025-09-15,10,RJ,Qualidade do Produto,75234,Promotor
SRV-002555,2025-04-02,8,PR,Variedade,93748,Neutro
SRV-002556,2025-06-10,5,SP,Qualidade do Produto,21252,Detrator
SRV-002557,2025-05-29,1,MG,Variedade,95261,Detrator
SRV-002558,2025-04-27,1,SP,Atendimento,17006,Detrator
SRV-002559,2025-02-22,4,GO,Qualidade do Produto,99595,Detrator
SRV-002560,2025-10-29,3,MG,Atendimento,80883,Detrator
SRV-002561,2025-02-14,10,GO,Atendimento,42171,Promotor
SRV-002562,2025-09-22,1,ES,Preço,38517,Detrator
SRV-002563,2025-09-19,2,RS,Atendimento,34274,Detrator
SRV-002564,2025-11-03,6,MS,Atendimento,43577,Detrator
SRV-002565,2025-08-22,7,PA,Qualidade do Produto,37648,Neutro
SRV-002566,2025-02-04,5,MS,Qualidade do Produto,79654,Detrator
SRV-002567,2025-12-04,10,PR,Tempo de Entrega,27910,Promotor
SRV-002568,2025-07-16,4,PR,Preço,88619,Detrator
SRV-002569,2025-01-25,0,GO,Atendimento,59647,Detrator
SRV-002570,2025-07-21,7,SP,Preço,88723,Neutro
SRV-002571,2025-09-30,2,BA,Variedade,10424,Detrator
SRV-002572,2025-02-05,5,GO,Atendimento,61899,Detrator
SRV-002573,2025-08-11,2,ES,Preço,36641,Detrator
SRV-002574,2025-12-18,6,CE,Tempo de Entrega,44750,Detrator
SRV-002575,2025-10-04,6,PR,Tempo de Entrega,91454,Detrator
SRV-002576,2025-01-18,8,RJ,Atendimento,33154,Neutro
SRV-002577,2025-07-07,4,PA,Variedade,58166,Detrator
SRV-002578,2025-09-14,7,MS,Tempo de Entrega,21992,Neutro
SRV-002579,2025-05-22,9,GO,Tempo de Entrega,44001,Promotor
SRV-002580,2025-05-16,9,SP,Variedade,24546,Promotor
SRV-002581,2025-11-03,7,PE,Preço,51524,Neutro
SRV-002582,2025-03-20,0,PA,Tempo de Entrega,78555,Detrator
SRV-002583,2025-10-19,4,RJ,Qualidade do Produto,11304,Detrator
SRV-002584,2025-03-03,2,SC,Tempo de Entrega,59284,Detrator
SRV-002585,2025-05-09,0,SP,Preço,92368,Detrator
SRV-002586,2025-12-07,3,SP,Preço,98327,Detrator
SRV-002587,2025-10-25,7,PE,Atendimento,20022,Neutro
SRV-002588,2025-09-14,2,ES,Qualidade do Produto,85886,Detrator
SRV-002589,2025-07-31,9,PE,Preço,87354,Promotor
SRV-002590,2025-02-23,1,MT,Variedade,43617,Detrator
SRV-002591,2025-06-24,10,PR,Qualidade do Produto,79498,Promotor
SRV-002592,2025-04-10,8,RS,Qualidade do Produto,68824,Neutro
SRV-002593,2025-02-08,9,SP,Variedade,80390,Promotor
SRV-002594,2025-09-20,4,SC,Tempo de Entrega,44307,Detrator
SRV-002595,2025-05-30,6,BA,Variedade,78480,Detrator
SRV-002596,2025-05-01,10,AM,Variedade,32327,Promotor
SRV-002597,2025-06-27,10,SP,Tempo de Entrega,13244,Promotor
SRV-002598,2025-10-28,1,PE,Tempo de Entrega,32720,Detrator
SRV-002599,2025-11-26,8,MG,Tempo de Entrega,35090,Neutro
SRV-002600,2025-04-30,8,SP,Tempo de Entrega,74277,Neutro
SRV-002601,2025-03-13,3,SP,Tempo de Entrega,58536,Detrator
SRV-002602,2025-08-07,3,GO,Variedade,17855,Detrator
SRV-002603,2025-10-29,5,AM,Atendimento,11601,Detrator
SRV-002604,2025-05-03,9,MT,Atendimento,41952,Promotor
SRV-002605,2025-09-01,9,SC,Preço,60374,Promotor
SRV-002606,2025-03-16,9,MT,Atendimento,15690,Promotor
SRV-002607,2025-01-06,5,SC,Atendimento,22521,Detrator
SRV-002608,2025-01-21,0,SP,Variedade,86019,Detrator
SRV-002609,2025-07-09,8,AM,Tempo de Entrega,18058,Neutro
SRV-002610,2025-08-13,1,AM,Tempo de Entrega,23704,Detrator
SRV-002611,2025-04-13,4,MG,Variedade,68933,Detrator
SRV-002612,2025-12-10,8,RS,Atendimento,81101,Neutro
SRV-002613,2025-04-09,3,CE,Variedade,53856,Detrator
SRV-002614,2025-11-14,10,MG,Preço,47256,Promotor
SRV-002615,2025-12-29,2,MG,Tempo de Entrega,67352,Detrator
SRV-002616,2025-03-24,6,MG,Qualidade do Produto,40615,Detrator
SRV-002617,2025-06-30,5,MS,Preço,11927,Detrator
SRV-002618,2025-06-01,7,RS,Preço,25512,Neutro
SRV-002619,2025-02-25,2,ES,Variedade,18301,Detrator
SRV-002620,2025-07-09,4,ES,Atendimento,96849,Detrator
SRV-002621,2025-01-22,9,MG,Tempo de Entrega,83993,Promotor
SRV-002622,2025-03-09,3,CE,Qualidade do Produto,81028,Detrator
SRV-002623,2025-07-04,3,MT,Preço,78759,Detrator
SRV-002624,2025-01-10,3,PE,Qualidade do Produto,98047,Detrator
SRV-002625,2025-03-07,9,RJ,Atendimento,96991,Promotor
SRV-002626,2025-09-21,7,ES,Atendimento,73058,Neutro
SRV-002627,2025-08-13,5,BA,Qualidade do Produto,74926,Detrator
SRV-002628,2025-05-03,2,SC,Tempo de Entrega,33434,Detrator
SRV-002629,2025-02-07,9,AM,Atendimento,40341,Promotor
SRV-002630,2025-05-03,4,RS,Qualidade do Produto,25007,Detrator
SRV-002631,2025-11-14,5,GO,Preço,36799,Detrator
SRV-002632,2025-06-05,4,RS,Qualidade do Produto,65820,Detrator
SRV-002633,2025-10-28,5,RJ,Qualidade do Produto,25674,Detrator
SRV-002634,2025-11-17,7,ES,Variedade,25426,Neutro
SRV-002635,2025-03-08,6,CE,Atendimento,82631,Detrator
SRV-002636,2025-05-13,4,CE,Tempo de Entrega,54791,Detrator
SRV-002637,2025-12-28,9,SC,Tempo de Entrega,99640,Promotor
SRV-002638,2025-05-20,5,MG,Variedade,13255,Detrator
SRV-002639,2025-03-23,3,PE,Tempo de Entrega,43826,Detrator
SRV-002640,2025-02-27,8,GO,Qualidade do Produto,98568,Neutro
SRV-002641,2025-05-29,3,ES,Variedade,14944,Detrator
SRV-002642,2025-05-11,0,CE,Preço,47826,Detrator
SRV-002643,2025-03-10,6,GO,Atendimento,40497,Detrator
SRV-002644,2025-12-11,6,RJ,Atendimento,37723,Detrator
SRV-002645,2025-09-07,3,SC,Atendimento,45287,Detrator
SRV-002646,2025-11-16,2,SP,Qualidade do Produto,21845,Detrator
SRV-002647,2025-06-26,7,SC,Preço,99833,Neutro
SRV-002648,2025-03-13,4,GO,Variedade,78106,Detrator
SRV-002649,2025-01-17,9,MS,Variedade,82986,Promotor
SRV-002650,2025-11-25,6,CE,Atendimento,95807,Detrator
SRV-002651,2025-06-09,3,SP,Preço,65569,Detrator
SRV-002652,2025-03-11,3,AM,Preço,91434,Detrator
SRV-002653,2025-04-23,7,BA,Preço,89925,Neutro
SRV-002654,2025-08-20,7,PR,Tempo de Entrega,35463,Neutro
SRV-002655,2025-01-21,1,SC,Tempo de Entrega,10744,Detrator
SRV-002656,2025-05-15,1,RJ,Atendimento,98340,Detrator
SRV-002657,2025-09-20,2,RJ,Preço,46282,Detrator
SRV-002658,2025-04-21,2,MS,Preço,62082,Detrator
SRV-002659,2025-09-03,0,PE,Variedade,64689,Detrator
SRV-002660,2025-10-10,2,MG,Variedade,86407,Detrator
SRV-002661,2025-01-08,5,SC,Atendimento,89072,Detrator
SRV-002662,2025-10-11,7,CE,Preço,98633,Neutro
SRV-002663,2025-07-26,9,PR,Atendimento,74766,Promotor
SRV-002664,2025-07-13,5,AM,Variedade,75711,Detrator
SRV-002665,2025-02-16,4,MS,Variedade,13217,Detrator
SRV-002666,2025-12-08,3,ES,Tempo de Entrega,90642,Detrator
SRV-002667,2025-08-30,2,CE,Atendimento,40359,Detrator
SRV-002668,2025-01-10,3,RJ,Atendimento,63509,Detrator
SRV-002669,2025-10-16,6,BA,Preço,71970,Detrator
SRV-002670,2025-05-11,0,CE,Preço,32357,Detrator
SRV-002671,2025-09-27,6,RS,Tempo de Entrega,52354,Detrator
SRV-002672,2025-10-29,0,MT,Qualidade do Produto,48570,Detrator
SRV-002673,2025-03-02,1,RJ,Qualidade do Produto,17034,Detrator
SRV-002674,2025-06-13,3,SC,Qualidade do Produto,26263,Detrator
SRV-002675,2025-01-13,0,AM,Atendimento,52180,Detrator
SRV-002676,2025-09-29,10,BA,Atendimento,60099,Promotor
SRV-002677,2025-07-27,10,RS,Variedade,84312,Promotor
SRV-002678,2025-09-03,10,PA,Atendimento,85348,Promotor
SRV-002679,2025-05-13,8,SP,Atendimento,95275,Neutro
SRV-002680,2025-09-01,5,PR,Atendimento,36925,Detrator
SRV-002681,2025-10-21,0,RJ,Tempo de Entrega,29575,Detrator
SRV-002682,2025-02-07,0,SC,Atendimento,32231,Detrator
SRV-002683,2025-12-25,5,RS,Preço,86935,Detrator
SRV-002684,2025-02-25,3,AM,Preço,57731,Detrator
SRV-002685,2025-11-15,3,AM,Variedade,33100,Detrator
SRV-002686,2025-02-17,10,RS,Tempo de Entrega,20768,Promotor
SRV-002687,2025-04-15,5,MG,Preço,69337,Detrator
SRV-002688,2025-02-28,10,RS,Tempo de Entrega,60697,Promotor
SRV-002689,2025-03-18,6,PA,Tempo de Entrega,21357,Detrator
SRV-002690,2025-08-06,8,PR,Variedade,76973,Neutro
SRV-002691,2025-02-24,9,BA,Tempo de Entrega,34946,Promotor
SRV-002692,2025-02-24,4,PA,Atendimento,96424,Detrator
SRV-002693,2025-05-09,8,MS,Tempo de Entrega,81038,Neutro
SRV-002694,2025-03-26,3,BA,Variedade,65149,Detrator
SRV-002695,2025-08-02,9,RS,Variedade,15566,Promotor
SRV-002696,2025-04-25,1,SC,Variedade,51576,Detrator
SRV-002697,2025-11-10,2,RJ,Preço,63318,Detrator
SRV-002698,2025-10-20,10,SC,Atendimento,79550,Promotor
SRV-002699,2025-02-18,0,GO,Preço,61408,Detrator
SRV-002700,2025-03-08,5,MS,Qualidade do Produto,63506,Detrator
SRV-002701,2025-10-02,5,PA,Atendimento,89149,Detrator
SRV-002702,2025-05-09,0,MT,Tempo de Entrega,50167,Detrator
SRV-002703,2025-01-29,10,PE,Variedade,43699,Promotor
SRV-002704,2025-12-09,2,PA,Qualidade do Produto,59545,Detrator
SRV-002705,2025-02-02,4,RJ,Atendimento,62429,Detrator
SRV-002706,2025-04-29,2,SP,Preço,97350,Detrator
SRV-002707,2025-06-29,9,MT,Variedade,33386,Promotor
SRV-002708,2025-05-31,2,GO,Preço,69273,Detrator
SRV-002709,2025-05-13,9,PR,Atendimento,51585,Promotor
SRV-002710,2025-11-23,2,MT,Atendimento,17509,Detrator
SRV-002711,2025-07-04,4,SC,Qualidade do Produto,97852,Detrator
SRV-002712,2025-05-14,4,MG,Tempo de Entrega,86607,Detrator
SRV-002713,2025-06-26,3,BA,Preço,88764,Detrator
SRV-002714,2025-01-22,0,RS,Qualidade do Produto,87150,Detrator
SRV-002715,2025-08-29,4,RJ,Variedade,85837,Detrator
SRV-002716,2025-03-18,9,MS,Tempo de Entrega,73305,Promotor
SRV-002717,2025-07-23,4,RS,Qualidade do Produto,52851,Detrator
SRV-002718,2025-01-04,3,PA,Preço,86910,Detrator
SRV-002719,2025-11-24,5,PA,Atendimento,44407,Detrator
SRV-002720,2025-06-14,9,SP,Variedade,56606,Promotor
SRV-002721,2025-05-08,3,PE,Preço,89518,Detrator
SRV-002722,2025-02-14,6,GO,Tempo de Entrega,55652,Detrator
SRV-002723,2025-08-06,6,RS,Tempo de Entrega,20248,Detrator
SRV-002724,2025-08-23,1,SC,Atendimento,20515,Detrator
SRV-002725,2025-05-16,2,GO,Atendimento,20830,Detrator
SRV-002726,2025-06-17,0,RJ,Variedade,70631,Detrator
SRV-002727,2025-08-25,7,MG,Variedade,16799,Neutro
SRV-002728,2025-04-03,8,SP,Atendimento,84083,Neutro
SRV-002729,2025-01-05,3,PA,Atendimento,24328,Detrator
SRV-002730,2025-06-05,5,CE,Tempo de Entrega,22679,Detrator
SRV-002731,2025-09-02,8,GO,Atendimento,31058,Neutro
SRV-002732,2025-12-26,5,PR,Qualidade do Produto,56696,Detrator
SRV-002733,2025-03-22,8,PE,Preço,95442,Neutro
SRV-002734,2025-09-04,3,GO,Atendimento,48872,Detrator
SRV-002735,2025-12-09,7,SC,Variedade,64971,Neutro
SRV-002736,2025-05-17,8,PR,Qualidade do Produto,92083,Neutro
SRV-002737,2025-03-04,3,MS,Variedade,33306,Detrator
SRV-002738,2025-11-03,4,MG,Qualidade do Produto,38210,Detrator
SRV-002739,2025-04-26,7,PR,Atendimento,55693,Neutro
SRV-002740,2025-04-23,9,BA,Preço,38239,Promotor
SRV-002741,2025-01-31,5,MS,Variedade,78917,Detrator
SRV-002742,2025-01-07,6,RJ,Qualidade do Produto,17447,Detrator
SRV-002743,2025-01-03,2,PR,Tempo de Entrega,95904,Detrator
SRV-002744,2025-11-03,6,SC,Atendimento,30271,Detrator
SRV-002745,2025-08-31,7,CE,Preço,75875,Neutro
SRV-002746,2025-02-25,9,BA,Atendimento,95510,Promotor
SRV-002747,2025-03-14,5,BA,Tempo de Entrega,66843,Detrator
SRV-002748,2025-01-10,9,PA,Preço,36221,Promotor
SRV-002749,2025-03-02,8,PR,Tempo de Entrega,74388,Neutro
SRV-002750,2025-02-19,5,PE,Atendimento,66467,Detrator
SRV-002751,2025-05-02,8,ES,Qualidade do Produto,83269,Neutro
SRV-002752,2025-06-24,3,MS,Atendimento,80585,Detrator
SRV-002753,2025-01-01,7,PE,Atendimento,53086,Neutro
SRV-002754,2025-02-07,10,MT,Atendimento,96624,Promotor
SRV-002755,2025-07-09,3,RS,Variedade,91144,Detrator
SRV-002756,2025-03-20,1,SC,Tempo de Entrega,10638,Detrator
SRV-002757,2025-12-11,9,ES,Tempo de Entrega,83245,Promotor
SRV-002758,2025-12-04,10,RJ,Tempo de Entrega,80679,Promotor
SRV-002759,2025-07-09,8,BA,Variedade,72934,Neutro
SRV-002760,2025-07-03,4,SC,Qualidade do Produto,76760,Detrator
SRV-002761,2025-03-08,3,MS,Atendimento,57234,Detrator
SRV-002762,2025-01-17,1,PA,Qualidade do Produto,71049,Detrator
SRV-002763,2025-11-12,0,MG,Variedade,73843,Detrator
SRV-002764,2025-10-23,10,RS,Tempo de Entrega,58047,Promotor
SRV-002765,2025-07-28,6,CE,Atendimento,19741,Detrator
SRV-002766,2025-12-11,5,RS,Preço,73004,Detrator
SRV-002767,2025-02-10,1,SC,Preço,71489,Detrator
SRV-002768,2025-04-25,7,RJ,Qualidade do Produto,32991,Neutro
SRV-002769,2025-04-10,10,BA,Tempo de Entrega,36081,Promotor
SRV-002770,2025-12-11,3,SP,Preço,67304,Detrator
SRV-002771,2025-12-15,7,GO,Qualidade do Produto,25642,Neutro
SRV-002772,2025-05-19,6,SP,Variedade,85103,Detrator
SRV-002773,2025-11-12,4,SC,Qualidade do Produto,27399,Detrator
SRV-002774,2025-11-20,9,PR,Qualidade do Produto,43103,Promotor
SRV-002775,2025-11-30,9,PE,Qualidade do Produto,25330,Promotor
SRV-002776,2025-10-29,7,GO,Atendimento,26464,Neutro
SRV-002777,2025-10-21,8,MS,Qualidade do Produto,12134,Neutro
SRV-002778,2025-01-17,4,RS,Qualidade do Produto,59409,Detrator
SRV-002779,2025-11-18,9,RJ,Atendimento,10184,Promotor
SRV-002780,2025-10-19,4,GO,Atendimento,59274,Detrator
SRV-002781,2025-03-15,1,MS,Variedade,82799,Detrator
SRV-002782,2025-09-20,4,RS,Tempo de Entrega,65810,Detrator
SRV-002783,2025-01-16,2,PA,Preço,88727,Detrator
SRV-002784,2025-01-14,6,MG,Preço,79050,Detrator
SRV-002785,2025-12-02,9,SP,Qualidade do Produto,42734,Promotor
SRV-002786,2025-10-08,4,MT,Variedade,81613,Detrator
SRV-002787,2025-12-27,7,BA,Qualidade do Produto,60546,Neutro
SRV-002788,2025-01-04,0,AM,Preço,45120,Detrator
SRV-002789,2025-05-07,2,MS,Atendimento,58484,Detrator
SRV-002790,2025-11-08,2,MG,Tempo de Entrega,70563,Detrator
SRV-002791,2025-01-06,8,MT,Variedade,85036,Neutro
SRV-002792,2025-05-09,4,BA,Atendimento,90528,Detrator
SRV-002793,2025-08-20,8,RS,Tempo de Entrega,65113,Neutro
SRV-002794,2025-11-09,8,MS,Variedade,63096,Neutro
SRV-002795,2025-07-14,0,PA,Variedade,20133,Detrator
SRV-002796,2025-03-06,1,RJ,Preço,16405,Detrator
SRV-002797,2025-11-17,4,GO,Atendimento,40269,Detrator
SRV-002798,2025-04-13,3,AM,Variedade,92410,Detrator
SRV-002799,2025-10-04,9,AM,Variedade,27085,Promotor
SRV-002800,2025-06-07,8,SP,Tempo de Entrega,45702,Neutro
SRV-002801,2025-08-12,6,RS,Preço,89883,Detrator
SRV-002802,2025-10-16,5,GO,Qualidade do Produto,23502,Detrator
SRV-002803,2025-10-05,6,SP,Preço,56479,Detrator
SRV-002804,2025-07-01,0,SC,Qualidade do Produto,89384,Detrator
SRV-002805,2025-01-04,0,GO,Atendimento,97957,Detrator
SRV-002806,2025-08-03,7,MT,Atendimento,24426,Neutro
SRV-002807,2025-08-05,1,CE,Variedade,80231,Detrator
SRV-002808,2025-07-28,9,MT,Atendimento,25860,Promotor
SRV-002809,2025-03-15,10,CE,Variedade,56865,Promotor
SRV-002810,2025-08-15,8,BA,Preço,57404,Neutro
SRV-002811,2025-04-03,6,RS,Atendimento,67423,Detrator
SRV-002812,2025-03-06,5,ES,Preço,84379,Detrator
SRV-002813,2025-11-17,0,SP,Preço,41152,Detrator
SRV-002814,2025-01-10,0,SP,Atendimento,91109,Detrator
SRV-002815,2025-10-30,1,ES,Preço,40737,Detrator
SRV-002816,2025-11-18,5,PR,Atendimento,64325,Detrator
SRV-002817,2025-11-01,5,MS,Atendimento,48767,Detrator
SRV-002818,2025-10-05,1,RS,Atendimento,51705,Detrator
SRV-002819,2025-03-27,0,AM,Qualidade do Produto,12002,Detrator
SRV-002820,2025-01-26,9,ES,Preço,92159,Promotor
SRV-002821,2025-08-06,4,CE,Tempo de Entrega,70237,Detrator
SRV-002822,2025-04-05,4,AM,Atendimento,65713,Detrator
SRV-002823,2025-09-01,1,MS,Preço,51815,Detrator
SRV-002824,2025-04-17,5,SP,Variedade,74997,Detrator
SRV-002825,2025-09-05,8,MT,Atendimento,70859,Neutro
SRV-002826,2025-01-14,1,CE,Atendimento,73236,Detrator
SRV-002827,2025-06-10,9,RS,Tempo de Entrega,97787,Promotor
SRV-002828,2025-03-12,1,RJ,Qualidade do Produto,88243,Detrator
SRV-002829,2025-06-01,2,GO,Qualidade do Produto,99653,Detrator
SRV-002830,2025-03-16,6,MT,Atendimento,32743,Detrator
SRV-002831,2025-08-03,5,RJ,Preço,66739,Detrator
SRV-002832,2025-02-20,7,BA,Variedade,86326,Neutro
SRV-002833,2025-05-23,7,MS,Variedade,91132,Neutro
SRV-002834,2025-02-05,5,CE,Preço,40339,Detrator
SRV-002835,2025-06-16,10,CE,Atendimento,44121,Promotor
SRV-002836,2025-08-24,9,CE,Variedade,52995,Promotor
SRV-002837,2025-09-17,2,PR,Qualidade do Produto,62032,Detrator
SRV-002838,2025-07-11,2,CE,Preço,59831,Detrator
SRV-002839,2025-07-21,0,RJ,Tempo de Entrega,51446,Detrator
SRV-002840,2025-09-19,6,PR,Atendimento,55678,Detrator
SRV-002841,2025-07-04,4,BA,Preço,30698,Detrator
SRV-002842,2025-06-07,3,SC,Variedade,90252,Detrator
SRV-002843,2025-09-03,9,MG,Atendimento,93404,Promotor
SRV-002844,2025-04-20,3,BA,Qualidade do Produto,57918,Detrator
SRV-002845,2025-04-09,3,PA,Atendimento,67235,Detrator
SRV-002846,2025-08-29,5,AM,Atendimento,16125,Detrator
SRV-002847,2025-07-21,7,PE,Qualidade do Produto,57511,Neutro
SRV-002848,2025-05-02,7,PR,Qualidade do Produto,39046,Neutro
SRV-002849,2025-04-27,4,GO,Atendimento,98296,Detrator
SRV-002850,2025-04-06,5,RJ,Qualidade do Produto,20114,Detrator
SRV-002851,2025-08-22,3,RJ,Preço,10637,Detrator
SRV-002852,2025-03-08,10,RS,Qualidade do Produto,48634,Promotor
SRV-002853,2025-08-06,8,SP,Qualidade do Produto,98713,Neutro
SRV-002854,2025-01-15,7,CE,Atendimento,45776,Neutro
SRV-002855,2025-09-30,9,MS,Preço,33600,Promotor
SRV-002856,2025-08-07,9,RJ,Tempo de Entrega,91787,Promotor
SRV-002857,2025-10-01,0,CE,Tempo de Entrega,36809,Detrator
SRV-002858,2025-05-27,1,ES,Variedade,33756,Detrator
SRV-002859,2025-11-28,8,SP,Qualidade do Produto,69469,Neutro
SRV-002860,2025-12-10,7,ES,Qualidade do Produto,48368,Neutro
SRV-002861,2025-06-01,2,GO,Preço,87185,Detrator
SRV-002862,2025-12-13,7,MS,Tempo de Entrega,86902,Neutro
SRV-002863,2025-10-31,0,MT,Variedade,21880,Detrator
SRV-002864,2025-01-15,9,GO,Preço,93319,Promotor
SRV-002865,2025-12-20,3,CE,Qualidade do Produto,67155,Detrator
SRV-002866,2025-03-25,2,PA,Tempo de Entrega,97762,Detrator
SRV-002867,2025-07-11,5,PR,Variedade,75316,Detrator
SRV-002868,2025-02-10,6,PE,Atendimento,80856,Detrator
SRV-002869,2025-12-18,3,SP,Tempo de Entrega,18727,Detrator
SRV-002870,2025-11-20,6,MS,Variedade,87260,Detrator
SRV-002871,2025-09-18,8,PR,Preço,49211,Neutro
SRV-002872,2025-11-05,10,RJ,Atendimento,95469,Promotor
SRV-002873,2025-05-16,1,PE,Variedade,88930,Detrator
SRV-002874,2025-10-05,10,SC,Variedade,51417,Promotor
SRV-002875,2025-04-16,2,RJ,Qualidade do Produto,94658,Detrator
SRV-002876,2025-01-07,4,AM,Tempo de Entrega,72827,Detrator
SRV-002877,2025-10-29,2,MG,Qualidade do Produto,41437,Detrator
SRV-002878,2025-01-30,10,AM,Atendimento,30519,Promotor
SRV-002879,2025-05-06,7,BA,Variedade,17983,Neutro
SRV-002880,2025-12-23,9,SP,Qualidade do Produto,54656,Promotor
SRV-002881,2025-03-20,7,MS,Tempo de Entrega,15635,Neutro
SRV-002882,2025-03-08,7,MG,Atendimento,29622,Neutro
SRV-002883,2025-01-23,8,GO,Preço,84975,Neutro
SRV-002884,2025-07-08,3,CE,Qualidade do Produto,70666,Detrator
SRV-002885,2025-03-15,4,SP,Atendimento,66005,Detrator
SRV-002886,2025-01-05,4,MT,Preço,21403,Detrator
SRV-002887,2025-03-23,7,MT,Qualidade do Produto,70477,Neutro
SRV-002888,2025-01-25,6,BA,Atendimento,75035,Detrator
SRV-002889,2025-09-21,8,SP,Atendimento,42903,Neutro
SRV-002890,2025-01-02,7,GO,Qualidade do Produto,17311,Neutro
SRV-002891,2025-10-05,1,PR,Atendimento,60611,Detrator
SRV-002892,2025-11-24,9,ES,Variedade,30615,Promotor
SRV-002893,2025-12-09,3,RS,Qualidade do Produto,66808,Detrator
SRV-002894,2025-08-12,5,AM,Atendimento,43580,Detrator
SRV-002895,2025-03-13,1,PR,Preço,67052,Detrator
SRV-002896,2025-03-09,6,BA,Preço,52898,Detrator
SRV-002897,2025-11-16,2,MS,Variedade,33952,Detrator
SRV-002898,2025-04-04,2,AM,Qualidade do Produto,92790,Detrator
SRV-002899,2025-01-19,10,MT,Atendimento,25227,Promotor
SRV-002900,2025-05-08,1,SP,Atendimento,23760,Detrator
SRV-002901,2025-12-09,10,PR,Preço,18826,Promotor
SRV-002902,2025-03-23,7,ES,Variedade,89475,Neutro
SRV-002903,2025-09-11,5,MG,Preço,93213,Detrator
SRV-002904,2025-08-09,0,PR,Preço,70432,Detrator
SRV-002905,2025-12-09,0,CE,Variedade,83996,Detrator
SRV-002906,2025-04-07,6,PA,Qualidade do Produto,68204,Detrator
SRV-002907,2025-02-21,7,MG,Atendimento,18673,Neutro
SRV-002908,2025-06-24,4,BA,Qualidade do Produto,46158,Detrator
SRV-002909,2025-12-04,10,GO,Tempo de Entrega,84989,Promotor
SRV-002910,2025-07-01,4,MG,Tempo de Entrega,25904,Detrator
SRV-002911,2025-12-19,3,SP,Tempo de Entrega,25396,Detrator
SRV-002912,2025-04-25,5,PE,Variedade,97469,Detrator
SRV-002913,2025-12-14,5,PA,Preço,64039,Detrator
SRV-002914,2025-01-01,2,PE,Qualidade do Produto,14334,Detrator
SRV-002915,2025-03-04,8,SC,Atendimento,37268,Neutro
SRV-002916,2025-09-05,10,CE,Tempo de Entrega,74636,Promotor
SRV-002917,2025-08-19,6,SP,Qualidade do Produto,32068,Detrator
SRV-002918,2025-08-14,0,BA,Tempo de Entrega,38247,Detrator
SRV-002919,2025-01-19,6,RJ,Tempo de Entrega,75121,Detrator
SRV-002920,2025-01-31,4,PE,Atendimento,98670,Detrator
SRV-002921,2025-11-29,4,AM,Variedade,26285,Detrator
SRV-002922,2025-05-01,1,BA,Preço,96903,Detrator
SRV-002923,2025-01-24,3,MG,Variedade,34136,Detrator
SRV-002924,2025-11-21,5,GO,Qualidade do Produto,70378,Detrator
SRV-002925,2025-07-30,9,PR,Variedade,47787,Promotor
SRV-002926,2025-06-10,10,PE,Qualidade do Produto,34425,Promotor
SRV-002927,2025-09-12,6,GO,Qualidade do Produto,28961,Detrator
SRV-002928,2025-02-28,10,SP,Preço,43443,Promotor
SRV-002929,2025-04-24,4,PE,Atendimento,28823,Detrator
SRV-002930,2025-06-09,8,PA,Preço,85409,Neutro
SRV-002931,2025-08-08,2,ES,Variedade,81123,Detrator
SRV-002932,2025-12-23,0,ES,Qualidade do Produto,35852,Detrator
SRV-002933,2025-06-18,3,PA,Tempo de Entrega,47535,Detrator
SRV-002934,2025-01-12,8,ES,Tempo de Entrega,17004,Neutro
SRV-002935,2025-08-30,3,CE,Qualidade do Produto,37823,Detrator
SRV-002936,2025-05-19,1,MS,Preço,64086,Detrator
SRV-002937,2025-04-07,9,PE,Atendimento,17131,Promotor
SRV-002938,2025-05-27,4,AM,Preço,93232,Detrator
SRV-002939,2025-07-01,2,SC,Qualidade do Produto,35649,Detrator
SRV-002940,2025-02-26,8,MT,Qualidade do Produto,14099,Neutro
SRV-002941,2025-02-11,3,BA,Atendimento,60806,Detrator
SRV-002942,2025-12-20,5,MS,Variedade,41571,Detrator
SRV-002943,2025-07-18,1,AM,Variedade,40580,Detrator
SRV-002944,2025-01-31,5,ES,Atendimento,91118,Detrator
SRV-002945,2025-06-29,2,MG,Variedade,36469,Detrator
SRV-002946,2025-01-02,8,AM,Tempo de Entrega,75179,Neutro
SRV-002947,2025-10-15,10,SP,Variedade,97938,Promotor
SRV-002948,2025-05-18,1,CE,Variedade,34236,Detrator
SRV-002949,2025-04-15,8,PA,Variedade,35110,Neutro
SRV-002950,2025-08-06,4,PA,Tempo de Entrega,33430,Detrator
SRV-002951,2025-08-10,7,RS,Variedade,54407,Neutro
SRV-002952,2025-11-27,1,ES,Tempo de Entrega,47948,Detrator
SRV-002953,2025-04-15,5,AM,Atendimento,93299,Detrator
SRV-002954,2025-05-07,2,BA,Preço,92565,Detrator
SRV-002955,2025-09-22,9,AM,Atendimento,67367,Promotor
SRV-002956,2025-07-19,4,MG,Preço,48180,Detrator
SRV-002957,2025-09-09,7,SP,Atendimento,14652,Neutro
SRV-002958,2025-01-15,9,PR,Preço,82370,Promotor
SRV-002959,2025-08-14,0,AM,Preço,98023,Detrator
SRV-002960,2025-12-19,4,RJ,Qualidade do Produto,17084,Detrator
SRV-002961,2025-04-15,2,MG,Preço,55630,Detrator
SRV-002962,2025-08-21,3,AM,Preço,63276,Detrator
SRV-002963,2025-11-15,1,SC,Qualidade do Produto,90228,Detrator
SRV-002964,2025-08-07,8,MG,Variedade,12655,Neutro
SRV-002965,2025-10-04,2,MG,Variedade,67752,Detrator
SRV-002966,2025-09-18,1,MS,Qualidade do Produto,57670,Detrator
SRV-002967,2025-12-07,9,SC,Tempo de Entrega,15272,Promotor
SRV-002968,2025-12-02,10,PR,Preço,10218,Promotor
SRV-002969,2025-07-09,8,CE,Preço,47471,Neutro
SRV-002970,2025-07-17,6,PE,Qualidade do Produto,58762,Detrator
SRV-002971,2025-12-19,5,SP,Qualidade do Produto,31515,Detrator
SRV-002972,2025-10-04,0,GO,Tempo de Entrega,44307,Detrator
SRV-002973,2025-12-02,4,MG,Variedade,88681,Detrator
SRV-002974,2025-02-08,10,MG,Atendimento,27986,Promotor
SRV-002975,2025-06-11,10,MT,Variedade,94624,Promotor
SRV-002976,2025-05-01,2,SC,Preço,80600,Detrator
SRV-002977,2025-09-19,0,BA,Qualidade do Produto,64888,Detrator
SRV-002978,2025-08-04,3,MG,Tempo de Entrega,97732,Detrator
SRV-002979,2025-11-08,1,MG,Variedade,21603,Detrator
SRV-002980,2025-02-18,1,SC,Tempo de Entrega,78024,Detrator
SRV-002981,2025-04-02,2,BA,Variedade,38897,Detrator
SRV-002982,2025-05-09,7,SC,Preço,28802,Neutro
SRV-002983,2025-11-17,7,GO,Atendimento,26411,Neutro
SRV-002984,2025-01-28,6,MS,Tempo de Entrega,70399,Detrator
SRV-002985,2025-12-22,5,AM,Tempo de Entrega,70692,Detrator
SRV-002986,2025-05-28,8,CE,Atendimento,67676,Neutro
SRV-002987,2025-11-24,3,MG,Tempo de Entrega,22770,Detrator
SRV-002988,2025-03-06,0,ES,Tempo de Entrega,83513,Detrator
SRV-002989,2025-08-06,7,SP,Variedade,47429,Neutro
SRV-002990,2025-02-20,6,GO,Variedade,69429,Detrator
SRV-002991,2025-11-01,6,BA,Atendimento,80085,Detrator
SRV-002992,2025-03-15,2,ES,Preço,30337,Detrator
SRV-002993,2025-07-18,3,SC,Tempo de Entrega,96181,Detrator
SRV-002994,2025-07-11,9,MT,Preço,34507,Promotor
SRV-002995,2025-07-08,8,MG,Atendimento,69596,Neutro
SRV-002996,2025-01-12,5,MT,Atendimento,80509,Detrator
SRV-002997,2025-08-27,4,MS,Variedade,18436,Detrator
SRV-002998,2025-12-26,2,MT,Tempo de Entrega,20086,Detrator
SRV-002999,2025-03-22,8,SC,Qualidade do Produto,93276,Neutro
SRV-003000,2025-09-27,4,MS,Atendimento,29851,Detrator
SRV-003001,2025-10-17,4,MT,Tempo de Entrega,49732,Detrator
SRV-003002,2025-02-17,3,PE,Preço,24842,Detrator
SRV-003003,2025-11-13,3,PE,Variedade,11745,Detrator
SRV-003004,2025-07-28,0,CE,Preço,22697,Detrator
SRV-003005,2025-02-04,6,MG,Atendimento,13879,Detrator
SRV-003006,2025-04-29,8,MG,Atendimento,95697,Neutro
SRV-003007,2025-03-06,2,ES,Preço,28499,Detrator
SRV-003008,2025-11-11,1,MS,Atendimento,98177,Detrator
SRV-003009,2025-08-30,2,RS,Tempo de Entrega,45035,Detrator
SRV-003010,2025-02-05,0,MG,Atendimento,28651,Detrator
SRV-003011,2025-09-09,5,CE,Variedade,85224,Detrator
SRV-003012,2025-08-31,10,BA,Tempo de Entrega,86524,Promotor
SRV-003013,2025-02-11,10,MT,Qualidade do Produto,99006,Promotor
SRV-003014,2025-03-10,6,BA,Atendimento,47249,Detrator
SRV-003015,2025-04-17,10,SC,Atendimento,33849,Promotor
SRV-003016,2025-02-08,10,ES,Variedade,83309,Promotor
SRV-003017,2025-03-10,1,MT,Variedade,39076,Detrator
SRV-003018,2025-06-29,7,MS,Preço,80123,Neutro
SRV-003019,2025-01-12,5,MT,Preço,43124,Detrator
SRV-003020,2025-12-05,3,PR,Preço,25787,Detrator
SRV-003021,2025-07-23,4,MS,Variedade,63462,Detrator
SRV-003022,2025-02-05,7,RJ,Preço,95984,Neutro
SRV-003023,2025-05-06,2,GO,Preço,81035,Detrator
SRV-003024,2025-03-04,2,SC,Qualidade do Produto,13841,Detrator
SRV-003025,2025-11-28,10,MG,Preço,54890,Promotor
SRV-003026,2025-03-23,3,PA,Atendimento,35402,Detrator
SRV-003027,2025-11-03,0,SC,Variedade,98591,Detrator
SRV-003028,2025-10-26,8,MS,Tempo de Entrega,76201,Neutro
SRV-003029,2025-02-03,7,PR,Qualidade do Produto,33237,Neutro
SRV-003030,2025-08-28,7,AM,Variedade,52988,Neutro
SRV-003031,2025-04-07,9,RJ,Variedade,86310,Promotor
SRV-003032,2025-02-18,5,PA,Atendimento,10553,Detrator
SRV-003033,2025-05-26,6,MS,Preço,23860,Detrator
SRV-003034,2025-05-05,5,GO,Atendimento,17045,Detrator
SRV-003035,2025-07-08,8,AM,Preço,84916,Neutro
SRV-003036,2025-02-26,2,PR,Preço,66435,Detrator
SRV-003037,2025-12-15,2,PR,Variedade,42261,Detrator
SRV-003038,2025-04-19,2,AM,Preço,88879,Detrator
SRV-003039,2025-01-05,9,PE,Qualidade do Produto,12853,Promotor
SRV-003040,2025-01-24,2,MT,Qualidade do Produto,85664,Detrator
SRV-003041,2025-08-09,8,BA,Qualidade do Produto,58022,Neutro
SRV-003042,2025-11-11,3,MS,Variedade,12736,Detrator
SRV-003043,2025-10-21,6,MS,Atendimento,43724,Detrator
SRV-003044,2025-01-10,8,RS,Tempo de Entrega,21440,Neutro
SRV-003045,2025-06-14,10,PA,Preço,80716,Promotor
SRV-003046,2025-08-03,6,PA,Tempo de Entrega,40284,Detrator
SRV-003047,2025-05-06,8,MS,Atendimento,21646,Neutro
SRV-003048,2025-09-24,2,GO,Atendimento,94565,Detrator
SRV-003049,2025-10-07,3,PA,Variedade,95694,Detrator
SRV-003050,2025-03-29,7,AM,Qualidade do Produto,24342,Neutro
SRV-003051,2025-04-24,5,MG,Qualidade do Produto,75620,Detrator
SRV-003052,2025-01-21,4,CE,Atendimento,74261,Detrator
SRV-003053,2025-05-28,3,ES,Variedade,11935,Detrator
SRV-003054,2025-09-02,7,SC,Variedade,52376,Neutro
SRV-003055,2025-09-23,0,MG,Preço,84798,Detrator
SRV-003056,2025-08-05,8,MT,Qualidade do Produto,87140,Neutro
SRV-003057,2025-08-28,0,PE,Atendimento,52481,Detrator
SRV-003058,2025-08-20,7,BA,Tempo de Entrega,98669,Neutro
SRV-003059,2025-08-20,3,SC,Qualidade do Produto,65721,Detrator
SRV-003060,2025-08-30,8,ES,Preço,12838,Neutro
SRV-003061,2025-07-09,10,RS,Variedade,45330,Promotor
SRV-003062,2025-08-17,4,GO,Atendimento,88976,Detrator
SRV-003063,2025-03-07,2,PA,Qualidade do Produto,46994,Detrator
SRV-003064,2025-10-06,8,MT,Tempo de Entrega,40384,Neutro
SRV-003065,2025-09-26,10,MG,Preço,55378,Promotor
SRV-003066,2025-07-28,8,CE,Preço,42643,Neutro
SRV-003067,2025-01-16,3,PA,Qualidade do Produto,26926,Detrator
SRV-003068,2025-10-24,10,BA,Tempo de Entrega,48977,Promotor
SRV-003069,2025-08-08,3,SP,Preço,33652,Detrator
SRV-003070,2025-09-14,7,MG,Atendimento,73295,Neutro
SRV-003071,2025-09-25,1,MT,Preço,20270,Detrator
SRV-003072,2025-08-17,8,PR,Tempo de Entrega,92804,Neutro
SRV-003073,2025-04-29,5,PR,Variedade,71630,Detrator
SRV-003074,2025-06-27,8,CE,Variedade,46417,Neutro
SRV-003075,2025-01-20,7,AM,Qualidade do Produto,56894,Neutro
SRV-003076,2025-02-05,6,RJ,Tempo de Entrega,66042,Detrator
SRV-003077,2025-12-01,0,CE,Preço,73253,Detrator
SRV-003078,2025-04-18,2,BA,Preço,58841,Detrator
SRV-003079,2025-07-08,10,PR,Variedade,62723,Promotor
SRV-003080,2025-06-27,1,RS,Variedade,30317,Detrator
SRV-003081,2025-04-06,4,PA,Atendimento,65008,Detrator
SRV-003082,2025-11-11,4,RS,Variedade,46434,Detrator
SRV-003083,2025-01-20,4,AM,Atendimento,56125,Detrator
SRV-003084,2025-06-13,3,PR,Preço,90984,Detrator
SRV-003085,2025-04-07,4,BA,Atendimento,85449,Detrator
SRV-003086,2025-05-23,2,PE,Atendimento,84102,Detrator
SRV-003087,2025-03-03,0,ES,Qualidade do Produto,91141,Detrator
SRV-003088,2025-08-30,4,ES,Variedade,10557,Detrator
SRV-003089,2025-08-26,8,BA,Atendimento,54383,Neutro
SRV-003090,2025-05-11,8,SP,Preço,16040,Neutro
SRV-003091,2025-04-03,3,PA,Tempo de Entrega,56652,Detrator
SRV-003092,2025-04-01,2,ES,Atendimento,70941,Detrator
SRV-003093,2025-05-13,0,SC,Variedade,97340,Detrator
SRV-003094,2025-05-03,1,GO,Qualidade do Produto,84828,Detrator
SRV-003095,2025-12-08,7,ES,Preço,36110,Neutro
SRV-003096,2025-04-28,0,SC,Qualidade do Produto,15349,Detrator
SRV-003097,2025-07-17,7,PR,Tempo de Entrega,40374,Neutro
SRV-003098,2025-10-09,6,AM,Atendimento,94545,Detrator
SRV-003099,2025-01-01,7,PE,Atendimento,52591,Neutro
SRV-003100,2025-07-30,5,CE,Variedade,10057,Detrator
SRV-003101,2025-09-20,8,PE,Atendimento,84039,Neutro
SRV-003102,2025-11-28,2,ES,Preço,74578,Detrator
SRV-003103,2025-07-31,9,GO,Tempo de Entrega,29121,Promotor
SRV-003104,2025-03-28,3,AM,Qualidade do Produto,15493,Detrator
SRV-003105,2025-06-02,5,ES,Tempo de Entrega,77818,Detrator
SRV-003106,2025-12-16,7,MS,Atendimento,98706,Neutro
SRV-003107,2025-07-06,4,BA,Qualidade do Produto,11431,Detrator
SRV-003108,2025-03-02,2,CE,Variedade,70469,Detrator
SRV-003109,2025-10-12,5,PA,Tempo de Entrega,72241,Detrator
SRV-003110,2025-04-05,3,ES,Qualidade do Produto,55294,Detrator
SRV-003111,2025-10-01,8,RJ,Qualidade do Produto,96127,Neutro
SRV-003112,2025-02-10,2,GO,Qualidade do Produto,21351,Detrator
SRV-003113,2025-05-27,3,GO,Preço,42483,Detrator
SRV-003114,2025-09-03,6,AM,Tempo de Entrega,41195,Detrator
SRV-003115,2025-05-12,6,PA,Qualidade do Produto,32735,Detrator
SRV-003116,2025-10-24,3,RJ,Tempo de Entrega,25203,Detrator
SRV-003117,2025-05-03,5,SP,Qualidade do Produto,13974,Detrator
SRV-003118,2025-05-23,2,PR,Variedade,95222,Detrator
SRV-003119,2025-07-01,5,PA,Variedade,49713,Detrator
SRV-003120,2025-07-11,1,SC,Variedade,22636,Detrator
SRV-003121,2025-07-26,7,PE,Atendimento,45070,Neutro
SRV-003122,2025-08-19,1,PR,Qualidade do Produto,39123,Detrator
SRV-003123,2025-01-22,10,GO,Atendimento,41812,Promotor
SRV-003124,2025-03-21,6,SC,Tempo de Entrega,38760,Detrator
SRV-003125,2025-05-10,8,SC,Atendimento,14966,Neutro
SRV-003126,2025-10-19,0,MG,Tempo de Entrega,93962,Detrator
SRV-003127,2025-10-03,7,MS,Tempo de Entrega,89698,Neutro
SRV-003128,2025-11-19,6,ES,Tempo de Entrega,26058,Detrator
SRV-003129,2025-02-24,5,SP,Atendimento,51482,Detrator
SRV-003130,2025-03-07,5,ES,Qualidade do Produto,12998,Detrator
SRV-003131,2025-08-15,5,SP,Atendimento,71265,Detrator
SRV-003132,2025-01-26,8,PA,Qualidade do Produto,76445,Neutro
SRV-003133,2025-09-10,1,PR,Qualidade do Produto,44648,Detrator
SRV-003134,2025-07-16,0,MT,Tempo de Entrega,70623,Detrator
SRV-003135,2025-05-10,5,MT,Atendimento,88033,Detrator
SRV-003136,2025-08-31,9,BA,Qualidade do Produto,94480,Promotor
SRV-003137,2025-11-08,10,BA,Variedade,17527,Promotor
SRV-003138,2025-07-31,7,PR,Qualidade do Produto,13072,Neutro
SRV-003139,2025-07-09,2,AM,Variedade,22018,Detrator
SRV-003140,2025-10-17,9,CE,Atendimento,39652,Promotor
SRV-003141,2025-08-14,0,RJ,Atendimento,14476,Detrator
SRV-003142,2025-09-03,8,MS,Atendimento,37482,Neutro
SRV-003143,2025-02-25,0,SC,Qualidade do Produto,72513,Detrator
SRV-003144,2025-02-24,2,SP,Preço,96411,Detrator
SRV-003145,2025-10-03,7,RS,Qualidade do Produto,26219,Neutro
SRV-003146,2025-11-02,2,MT,Qualidade do Produto,40448,Detrator
SRV-003147,2025-12-06,3,ES,Tempo de Entrega,89903,Detrator
SRV-003148,2025-06-02,7,PR,Tempo de Entrega,35120,Neutro
SRV-003149,2025-02-22,0,SC,Qualidade do Produto,16855,Detrator
SRV-003150,2025-04-21,5,MT,Variedade,66553,Detrator
SRV-003151,2025-07-23,0,SP,Tempo de Entrega,78633,Detrator
SRV-003152,2025-04-22,0,PE,Qualidade do Produto,54585,Detrator
SRV-003153,2025-11-21,7,CE,Preço,95425,Neutro
SRV-003154,2025-09-15,10,ES,Variedade,11084,Promotor
SRV-003155,2025-01-16,3,BA,Atendimento,31944,Detrator
SRV-003156,2025-12-16,0,PR,Qualidade do Produto,43921,Detrator
SRV-003157,2025-06-15,9,MT,Qualidade do Produto,71282,Promotor
SRV-003158,2025-10-28,6,BA,Variedade,97393,Detrator
SRV-003159,2025-10-07,4,PA,Tempo de Entrega,61397,Detrator
SRV-003160,2025-06-07,4,SP,Tempo de Entrega,28070,Detrator
SRV-003161,2025-09-06,0,BA,Tempo de Entrega,64987,Detrator
SRV-003162,2025-06-30,9,MT,Atendimento,66690,Promotor
SRV-003163,2025-07-10,10,GO,Variedade,71134,Promotor
SRV-003164,2025-05-19,5,MT,Variedade,97755,Detrator
SRV-003165,2025-03-19,8,ES,Tempo de Entrega,69439,Neutro
SRV-003166,2025-12-02,8,RJ,Tempo de Entrega,41489,Neutro
SRV-003167,2025-02-19,7,MT,Preço,33178,Neutro
SRV-003168,2025-03-26,4,SC,Preço,89019,Detrator
SRV-003169,2025-07-02,0,RJ,Qualidade do Produto,67956,Detrator
SRV-003170,2025-07-02,8,PR,Qualidade do Produto,57802,Neutro
SRV-003171,2025-01-04,0,RJ,Variedade,72778,Detrator
SRV-003172,2025-11-13,7,MG,Variedade,67719,Neutro
SRV-003173,2025-04-21,4,MT,Atendimento,43573,Detrator
SRV-003174,2025-11-30,2,SC,Atendimento,43688,Detrator
SRV-003175,2025-12-05,10,SP,Preço,56475,Promotor
SRV-003176,2025-09-08,6,SC,Qualidade do Produto,60697,Detrator
SRV-003177,2025-05-13,6,MG,Preço,43978,Detrator
SRV-003178,2025-04-10,8,RS,Preço,39677,Neutro
SRV-003179,2025-06-21,6,RJ,Qualidade do Produto,91540,Detrator
SRV-003180,2025-10-14,10,AM,Atendimento,20272,Promotor
SRV-003181,2025-04-29,2,SC,Qualidade do Produto,16212,Detrator
SRV-003182,2025-12-16,10,BA,Tempo de Entrega,31071,Promotor
SRV-003183,2025-06-24,0,PA,Tempo de Entrega,85236,Detrator
SRV-003184,2025-01-30,7,PA,Tempo de Entrega,27297,Neutro
SRV-003185,2025-02-24,2,PA,Variedade,61932,Detrator
SRV-003186,2025-12-27,7,SP,Atendimento,66884,Neutro
SRV-003187,2025-07-15,7,MT,Atendimento,38625,Neutro
SRV-003188,2025-02-10,4,MT,Variedade,38831,Detrator
SRV-003189,2025-06-22,0,GO,Preço,66478,Detrator
SRV-003190,2025-11-26,9,PE,Tempo de Entrega,72909,Promotor
SRV-003191,2025-08-07,6,PR,Tempo de Entrega,39367,Detrator
SRV-003192,2025-07-27,9,PR,Preço,55813,Promotor
SRV-003193,2025-06-07,4,GO,Qualidade do Produto,30121,Detrator
SRV-003194,2025-11-29,7,MS,Qualidade do Produto,45547,Neutro
SRV-003195,2025-08-16,8,PR,Atendimento,73642,Neutro
SRV-003196,2025-03-26,10,SC,Variedade,34914,Promotor
SRV-003197,2025-06-22,6,RJ,Atendimento,27178,Detrator
SRV-003198,2025-09-02,6,SC,Qualidade do Produto,77258,Detrator
SRV-003199,2025-12-26,0,AM,Preço,89421,Detrator
SRV-003200,2025-06-22,3,MT,Atendimento,70563,Detrator
SRV-003201,2025-12-01,1,ES,Tempo de Entrega,60050,Detrator
SRV-003202,2025-07-31,1,BA,Tempo de Entrega,72607,Detrator
SRV-003203,2025-03-25,1,GO,Preço,75638,Detrator
SRV-003204,2025-06-22,3,MT,Qualidade do Produto,23262,Detrator
SRV-003205,2025-07-02,0,PE,Tempo de Entrega,17453,Detrator
SRV-003206,2025-05-13,3,PE,Tempo de Entrega,55174,Detrator
SRV-003207,2025-10-15,1,BA,Variedade,87760,Detrator
SRV-003208,2025-09-19,4,MG,Atendimento,16172,Detrator
SRV-003209,2025-12-16,2,CE,Qualidade do Produto,86788,Detrator
SRV-003210,2025-10-09,7,MT,Atendimento,27918,Neutro
SRV-003211,2025-10-20,3,MT,Qualidade do Produto,17197,Detrator
SRV-003212,2025-09-26,0,ES,Tempo de Entrega,23677,Detrator
SRV-003213,2025-12-15,0,SP,Variedade,21039,Detrator
SRV-003214,2025-07-16,9,PE,Atendimento,37785,Promotor
SRV-003215,2025-01-25,2,PR,Tempo de Entrega,14570,Detrator
SRV-003216,2025-05-21,8,SC,Qualidade do Produto,82242,Neutro
SRV-003217,2025-08-11,6,MG,Atendimento,21655,Detrator
SRV-003218,2025-01-20,1,MT,Atendimento,57907,Detrator
SRV-003219,2025-09-04,8,CE,Tempo de Entrega,19449,Neutro
SRV-003220,2025-11-24,9,BA,Atendimento,34630,Promotor
SRV-003221,2025-07-20,1,PA,Variedade,84658,Detrator
SRV-003222,2025-04-25,2,RS,Variedade,56371,Detrator
SRV-003223,2025-07-08,10,SP,Tempo de Entrega,20991,Promotor
SRV-003224,2025-01-26,9,CE,Qualidade do Produto,34887,Promotor
SRV-003225,2025-02-23,1,MS,Tempo de Entrega,23859,Detrator
SRV-003226,2025-06-19,2,PR,Variedade,33640,Detrator
SRV-003227,2025-01-11,5,CE,Preço,58339,Detrator
SRV-003228,2025-01-27,8,PE,Preço,63235,Neutro
SRV-003229,2025-12-16,8,MS,Atendimento,12512,Neutro
SRV-003230,2025-03-24,6,MT,Atendimento,90982,Detrator
SRV-003231,2025-10-17,2,MS,Preço,31912,Detrator
SRV-003232,2025-02-07,3,SC,Variedade,45515,Detrator
SRV-003233,2025-03-28,5,BA,Atendimento,25416,Detrator
SRV-003234,2025-11-17,10,CE,Tempo de Entrega,82816,Promotor
SRV-003235,2025-06-05,4,SP,Tempo de Entrega,86510,Detrator
SRV-003236,2025-11-04,1,CE,Variedade,53746,Detrator
SRV-003237,2025-10-13,5,MT,Atendimento,53775,Detrator
SRV-003238,2025-07-05,2,RS,Tempo de Entrega,22227,Detrator
SRV-003239,2025-07-01,7,MG,Atendimento,23031,Neutro
SRV-003240,2025-05-23,1,PE,Atendimento,43000,Detrator
SRV-003241,2025-07-25,0,SC,Tempo de Entrega,61253,Detrator
SRV-003242,2025-05-22,8,PR,Preço,77564,Neutro
SRV-003243,2025-07-04,2,BA,Tempo de Entrega,28313,Detrator
SRV-003244,2025-08-29,10,BA,Variedade,85186,Promotor
SRV-003245,2025-01-08,0,MS,Qualidade do Produto,67751,Detrator
SRV-003246,2025-03-13,6,MS,Tempo de Entrega,62492,Detrator
SRV-003247,2025-10-15,9,MG,Atendimento,40364,Promotor
SRV-003248,2025-04-05,4,RJ,Atendimento,28361,Detrator
SRV-003249,2025-06-06,4,PA,Tempo de Entrega,77949,Detrator
SRV-003250,2025-02-10,0,RJ,Qualidade do Produto,41070,Detrator
SRV-003251,2025-11-27,8,AM,Tempo de Entrega,32409,Neutro
SRV-003252,2025-10-28,6,PR,Qualidade do Produto,39854,Detrator
SRV-003253,2025-09-26,7,CE,Qualidade do Produto,39655,Neutro
SRV-003254,2025-06-04,8,MS,Variedade,19952,Neutro
SRV-003255,2025-10-02,5,RS,Atendimento,46365,Detrator
SRV-003256,2025-06-03,4,BA,Atendimento,93298,Detrator
SRV-003257,2025-02-22,5,CE,Qualidade do Produto,76156,Detrator
SRV-003258,2025-06-28,10,PA,Atendimento,66724,Promotor
SRV-003259,2025-08-28,1,BA,Preço,25455,Detrator
SRV-003260,2025-05-17,3,GO,Qualidade do Produto,97746,Detrator
SRV-003261,2025-09-12,2,MS,Atendimento,57673,Detrator
SRV-003262,2025-08-12,6,BA,Preço,10974,Detrator
SRV-003263,2025-06-29,8,PA,Variedade,22679,Neutro
SRV-003264,2025-07-01,4,CE,Atendimento,71791,Detrator
SRV-003265,2025-09-16,5,MS,Preço,37429,Detrator
SRV-003266,2025-08-31,9,MT,Tempo de Entrega,28073,Promotor
SRV-003267,2025-04-06,1,MG,Tempo de Entrega,80207,Detrator
SRV-003268,2025-07-16,2,AM,Preço,40365,Detrator
SRV-003269,2025-01-14,2,MT,Qualidade do Produto,65928,Detrator
SRV-003270,2025-04-30,8,RJ,Qualidade do Produto,84453,Neutro
SRV-003271,2025-09-26,6,GO,Atendimento,17784,Detrator
SRV-003272,2025-06-20,7,ES,Tempo de Entrega,22291,Neutro
SRV-003273,2025-03-13,10,PA,Qualidade do Produto,94462,Promotor
SRV-003274,2025-06-28,9,SP,Qualidade do Produto,36154,Promotor
SRV-003275,2025-06-19,10,MG,Tempo de Entrega,35650,Promotor
SRV-003276,2025-06-08,8,MT,Variedade,78741,Neutro
SRV-003277,2025-06-03,5,PE,Qualidade do Produto,46201,Detrator
SRV-003278,2025-03-23,3,RS,Preço,49479,Detrator
SRV-003279,2025-02-26,0,RS,Atendimento,82920,Detrator
SRV-003280,2025-01-07,7,SP,Qualidade do Produto,92797,Neutro
SRV-003281,2025-04-22,6,RS,Qualidade do Produto,60243,Detrator
SRV-003282,2025-02-17,1,CE,Variedade,78595,Detrator
SRV-003283,2025-03-21,7,RS,Preço,41734,Neutro
SRV-003284,2025-11-12,4,ES,Atendimento,98927,Detrator
SRV-003285,2025-02-02,6,RS,Qualidade do Produto,91451,Detrator
SRV-003286,2025-04-25,3,BA,Atendimento,52568,Detrator
SRV-003287,2025-01-03,4,MG,Tempo de Entrega,35793,Detrator
SRV-003288,2025-01-04,7,GO,Qualidade do Produto,62204,Neutro
SRV-003289,2025-12-22,0,CE,Qualidade do Produto,56746,Detrator
SRV-003290,2025-09-17,0,RJ,Tempo de Entrega,41989,Detrator
SRV-003291,2025-02-11,3,RS,Variedade,59465,Detrator
SRV-003292,2025-01-09,2,PR,Qualidade do Produto,71383,Detrator
SRV-003293,2025-11-03,9,PR,Atendimento,26767,Promotor
SRV-003294,2025-05-25,1,AM,Preço,48652,Detrator
SRV-003295,2025-04-07,2,PR,Atendimento,93732,Detrator
SRV-003296,2025-10-03,10,PA,Variedade,94244,Promotor
SRV-003297,2025-05-22,10,RS,Preço,23383,Promotor
SRV-003298,2025-10-05,10,PE,Atendimento,80784,Promotor
SRV-003299,2025-01-27,0,MT,Atendimento,70089,Detrator
SRV-003300,2025-02-12,0,BA,Tempo de Entrega,36440,Detrator
SRV-003301,2025-05-11,5,SC,Variedade,62443,Detrator
SRV-003302,2025-08-04,4,RS,Tempo de Entrega,66325,Detrator
SRV-003303,2025-04-04,7,PE,Preço,96766,Neutro
SRV-003304,2025-01-08,1,AM,Tempo de Entrega,65919,Detrator
SRV-003305,2025-03-27,3,MT,Variedade,26611,Detrator
SRV-003306,2025-12-11,7,SC,Qualidade do Produto,73483,Neutro
SRV-003307,2025-05-18,5,SP,Qualidade do Produto,32457,Detrator
SRV-003308,2025-09-03,0,ES,Preço,20256,Detrator
SRV-003309,2025-01-21,3,BA,Qualidade do Produto,64856,Detrator
SRV-003310,2025-09-22,0,RS,Tempo de Entrega,50533,Detrator
SRV-003311,2025-05-28,1,MG,Preço,38281,Detrator
SRV-003312,2025-07-03,4,CE,Variedade,77275,Detrator
SRV-003313,2025-08-15,7,MG,Preço,11525,Neutro
SRV-003314,2025-10-19,7,MT,Preço,26453,Neutro
SRV-003315,2025-02-05,10,MG,Atendimento,16251,Promotor
SRV-003316,2025-09-03,2,MS,Atendimento,29507,Detrator
SRV-003317,2025-03-14,10,PA,Preço,89396,Promotor
SRV-003318,2025-05-30,3,SP,Qualidade do Produto,96644,Detrator
SRV-003319,2025-01-01,9,PA,Atendimento,37906,Promotor
SRV-003320,2025-03-10,10,CE,Variedade,83185,Promotor
SRV-003321,2025-10-20,5,SP,Tempo de Entrega,23193,Detrator
SRV-003322,2025-08-18,10,SC,Atendimento,91449,Promotor
SRV-003323,2025-07-30,10,AM,Preço,74042,Promotor
SRV-003324,2025-03-13,9,AM,Qualidade do Produto,69516,Promotor
SRV-003325,2025-12-29,2,SP,Tempo de Entrega,91165,Detrator
SRV-003326,2025-04-06,1,PR,Atendimento,40692,Detrator
SRV-003327,2025-03-25,5,ES,Qualidade do Produto,80490,Detrator
SRV-003328,2025-08-16,10,PR,Qualidade do Produto,43512,Promotor
SRV-003329,2025-10-26,4,RS,Qualidade do Produto,20719,Detrator
SRV-003330,2025-08-24,9,SC,Preço,65427,Promotor
SRV-003331,2025-10-20,4,MS,Variedade,37649,Detrator
SRV-003332,2025-08-10,9,PE,Qualidade do Produto,22402,Promotor
SRV-003333,2025-08-11,4,SC,Tempo de Entrega,19216,Detrator
SRV-003334,2025-10-08,9,PE,Atendimento,41050,Promotor
SRV-003335,2025-08-09,4,ES,Tempo de Entrega,60093,Detrator
SRV-003336,2025-08-04,2,SP,Preço,15050,Detrator
SRV-003337,2025-08-19,6,SP,Preço,56716,Detrator
SRV-003338,2025-06-18,5,CE,Tempo de Entrega,12438,Detrator
SRV-003339,2025-11-25,3,RS,Variedade,57431,Detrator
SRV-003340,2025-02-11,1,GO,Preço,26760,Detrator
SRV-003341,2025-09-15,8,GO,Preço,87614,Neutro
SRV-003342,2025-07-15,0,GO,Tempo de Entrega,26473,Detrator
SRV-003343,2025-04-06,10,MG,Preço,53815,Promotor
SRV-003344,2025-11-13,3,RJ,Variedade,72460,Detrator
SRV-003345,2025-01-14,0,AM,Variedade,19257,Detrator
SRV-003346,2025-04-23,5,SC,Variedade,97986,Detrator
SRV-003347,2025-03-18,3,SC,Atendimento,35634,Detrator
SRV-003348,2025-10-04,4,GO,Variedade,70403,Detrator
SRV-003349,2025-11-16,4,RS,Variedade,56573,Detrator
SRV-003350,2025-06-09,8,PR,Atendimento,38648,Neutro
SRV-003351,2025-11-09,0,BA,Qualidade do Produto,58980,Detrator
SRV-003352,2025-04-29,1,RS,Preço,20296,Detrator
SRV-003353,2025-06-10,5,RJ,Variedade,70197,Detrator
SRV-003354,2025-11-04,4,PA,Preço,31959,Detrator
SRV-003355,2025-12-17,10,SP,Tempo de Entrega,24570,Promotor
SRV-003356,2025-05-26,6,GO,Preço,45423,Detrator
SRV-003357,2025-06-12,2,AM,Atendimento,90263,Detrator
SRV-003358,2025-06-28,2,PE,Preço,27899,Detrator
SRV-003359,2025-03-30,9,PR,Preço,45785,Promotor
SRV-003360,2025-08-11,1,MS,Preço,72806,Detrator
SRV-003361,2025-09-23,2,MT,Qualidade do Produto,66963,Detrator
SRV-003362,2025-08-27,9,PR,Qualidade do Produto,87875,Promotor
SRV-003363,2025-11-04,0,MS,Tempo de Entrega,44341,Detrator
SRV-003364,2025-02-03,4,CE,Atendimento,15597,Detrator
SRV-003365,2025-06-16,4,ES,Preço,20244,Detrator
SRV-003366,2025-05-05,10,RJ,Preço,13796,Promotor
SRV-003367,2025-08-12,6,PR,Preço,85589,Detrator
SRV-003368,2025-05-30,3,RJ,Preço,38528,Detrator
SRV-003369,2025-07-08,2,MS,Qualidade do Produto,28648,Detrator
SRV-003370,2025-02-12,0,RS,Tempo de Entrega,93967,Detrator
SRV-003371,2025-01-29,7,MT,Variedade,10535,Neutro
SRV-003372,2025-12-28,2,PE,Atendimento,58469,Detrator
SRV-003373,2025-04-30,1,PE,Preço,74912,Detrator
SRV-003374,2025-12-03,10,MT,Tempo de Entrega,54493,Promotor
SRV-003375,2025-01-31,3,SC,Variedade,82417,Detrator
SRV-003376,2025-06-30,2,SP,Tempo de Entrega,55785,Detrator
SRV-003377,2025-06-11,0,GO,Qualidade do Produto,95017,Detrator
SRV-003378,2025-05-08,2,SC,Variedade,76561,Detrator
SRV-003379,2025-09-12,1,PR,Tempo de Entrega,40869,Detrator
SRV-003380,2025-10-21,7,ES,Qualidade do Produto,75094,Neutro
SRV-003381,2025-12-23,5,MS,Tempo de Entrega,40192,Detrator
SRV-003382,2025-09-11,8,SC,Tempo de Entrega,79157,Neutro
SRV-003383,2025-05-10,7,SC,Variedade,96483,Neutro
SRV-003384,2025-01-12,9,AM,Qualidade do Produto,89941,Promotor
SRV-003385,2025-02-04,2,SC,Preço,67544,Detrator
SRV-003386,2025-07-17,4,RJ,Atendimento,14403,Detrator
SRV-003387,2025-09-05,6,PA,Variedade,46091,Detrator
SRV-003388,2025-04-20,4,AM,Qualidade do Produto,62510,Detrator
SRV-003389,2025-11-24,7,RS,Tempo de Entrega,98061,Neutro
SRV-003390,2025-09-02,4,AM,Qualidade do Produto,15017,Detrator
SRV-003391,2025-09-07,0,ES,Atendimento,49203,Detrator
SRV-003392,2025-11-13,4,GO,Atendimento,66473,Detrator
SRV-003393,2025-06-12,3,PA,Preço,62123,Detrator
SRV-003394,2025-02-17,5,MS,Preço,58260,Detrator
SRV-003395,2025-03-12,2,PE,Atendimento,55938,Detrator
SRV-003396,2025-05-14,10,CE,Variedade,67929,Promotor
SRV-003397,2025-08-27,4,RJ,Variedade,95265,Detrator
SRV-003398,2025-03-09,1,PR,Tempo de Entrega,47372,Detrator
SRV-003399,2025-10-05,10,AM,Preço,63252,Promotor
SRV-003400,2025-02-01,5,ES,Tempo de Entrega,24628,Detrator
SRV-003401,2025-05-03,5,PE,Preço,22501,Detrator
SRV-003402,2025-01-22,4,ES,Atendimento,40131,Detrator
SRV-003403,2025-06-04,5,BA,Variedade,99102,Detrator
SRV-003404,2025-04-20,10,BA,Variedade,99360,Promotor
SRV-003405,2025-09-28,6,SC,Atendimento,78348,Detrator
SRV-003406,2025-10-27,4,SC,Tempo de Entrega,19402,Detrator
SRV-003407,2025-04-25,0,MT,Tempo de Entrega,65956,Detrator
SRV-003408,2025-08-08,7,BA,Qualidade do Produto,61920,Neutro
SRV-003409,2025-08-18,3,MS,Preço,36000,Detrator
SRV-003410,2025-09-09,8,GO,Tempo de Entrega,99795,Neutro
SRV-003411,2025-09-06,9,MS,Atendimento,77462,Promotor
SRV-003412,2025-01-09,5,CE,Tempo de Entrega,76392,Detrator
SRV-003413,2025-02-03,0,PE,Variedade,15988,Detrator
SRV-003414,2025-08-16,2,PA,Preço,84279,Detrator
SRV-003415,2025-03-14,2,PR,Qualidade do Produto,66999,Detrator
SRV-003416,2025-10-28,9,MT,Preço,79674,Promotor
SRV-003417,2025-07-31,3,SP,Variedade,91618,Detrator
SRV-003418,2025-03-13,5,SP,Variedade,63426,Detrator
SRV-003419,2025-02-27,6,PA,Variedade,68824,Detrator
SRV-003420,2025-08-08,9,RJ,Variedade,84399,Promotor
SRV-003421,2025-10-02,3,CE,Atendimento,70659,Detrator
SRV-003422,2025-09-06,5,CE,Qualidade do Produto,47790,Detrator
SRV-003423,2025-01-16,10,PR,Variedade,32118,Promotor
SRV-003424,2025-03-16,0,ES,Variedade,62025,Detrator
SRV-003425,2025-04-16,7,SP,Tempo de Entrega,69938,Neutro
SRV-003426,2025-05-16,6,ES,Qualidade do Produto,15149,Detrator
SRV-003427,2025-03-15,10,ES,Preço,48079,Promotor
SRV-003428,2025-09-11,10,CE,Qualidade do Produto,12484,Promotor
SRV-003429,2025-01-18,8,ES,Qualidade do Produto,65474,Neutro
SRV-003430,2025-02-12,2,SP,Qualidade do Produto,58601,Detrator
SRV-003431,2025-02-19,1,PE,Variedade,53809,Detrator
SRV-003432,2025-01-03,0,AM,Variedade,30791,Detrator
SRV-003433,2025-08-20,2,MG,Atendimento,79343,Detrator
SRV-003434,2025-08-07,4,GO,Preço,36648,Detrator
SRV-003435,2025-02-28,10,ES,Tempo de Entrega,41090,Promotor
SRV-003436,2025-10-11,1,PR,Qualidade do Produto,27857,Detrator
SRV-003437,2025-10-29,2,GO,Preço,72327,Detrator
SRV-003438,2025-03-05,3,GO,Preço,52967,Detrator
SRV-003439,2025-03-11,6,RS,Atendimento,63709,Detrator
SRV-003440,2025-10-30,2,SC,Tempo de Entrega,77948,Detrator
SRV-003441,2025-05-22,8,PR,Qualidade do Produto,58861,Neutro
SRV-003442,2025-07-21,7,BA,Tempo de Entrega,78718,Neutro
SRV-003443,2025-07-26,3,AM,Atendimento,30948,Detrator
SRV-003444,2025-08-09,0,SP,Variedade,43782,Detrator
SRV-003445,2025-12-28,0,RS,Preço,60756,Detrator
SRV-003446,2025-09-03,0,MS,Qualidade do Produto,92789,Detrator
SRV-003447,2025-03-22,0,SC,Variedade,78388,Detrator
SRV-003448,2025-09-08,7,MT,Atendimento,94528,Neutro
SRV-003449,2025-02-20,2,PR,Tempo de Entrega,76809,Detrator
SRV-003450,2025-10-12,5,RS,Preço,17649,Detrator
SRV-003451,2025-12-12,2,MG,Qualidade do Produto,39002,Detrator
SRV-003452,2025-07-23,10,SP,Variedade,44723,Promotor
SRV-003453,2025-01-25,4,PE,Variedade,84314,Detrator
SRV-003454,2025-02-10,6,RJ,Preço,80085,Detrator
SRV-003455,2025-03-10,1,GO,Tempo de Entrega,91399,Detrator
SRV-003456,2025-01-04,5,CE,Atendimento,21809,Detrator
SRV-003457,2025-08-28,5,PA,Tempo de Entrega,68169,Detrator
SRV-003458,2025-12-27,10,MG,Tempo de Entrega,18302,Promotor
SRV-003459,2025-01-31,2,BA,Tempo de Entrega,18100,Detrator
SRV-003460,2025-04-27,5,MS,Preço,78447,Detrator
SRV-003461,2025-07-14,9,CE,Preço,87627,Promotor
SRV-003462,2025-03-31,9,PE,Atendimento,84635,Promotor
SRV-003463,2025-06-27,4,GO,Tempo de Entrega,65020,Detrator
SRV-003464,2025-05-25,1,MG,Preço,15663,Detrator
SRV-003465,2025-07-21,8,SC,Atendimento,54649,Neutro
SRV-003466,2025-11-18,7,RS,Atendimento,57136,Neutro
SRV-003467,2025-12-10,2,PA,Tempo de Entrega,46104,Detrator
SRV-003468,2025-07-22,7,SP,Qualidade do Produto,49137,Neutro
SRV-003469,2025-01-24,8,AM,Tempo de Entrega,12534,Neutro
SRV-003470,2025-12-21,2,RS,Qualidade do Produto,77762,Detrator
SRV-003471,2025-04-15,2,ES,Atendimento,62445,Detrator
SRV-003472,2025-10-02,1,PR,Preço,19585,Detrator
SRV-003473,2025-11-18,7,BA,Variedade,86438,Neutro
SRV-003474,2025-03-01,9,ES,Atendimento,46392,Promotor
SRV-003475,2025-01-15,0,PA,Preço,94267,Detrator
SRV-003476,2025-03-26,7,ES,Atendimento,93324,Neutro
SRV-003477,2025-07-16,6,BA,Tempo de Entrega,41126,Detrator
SRV-003478,2025-08-23,6,PA,Qualidade do Produto,52485,Detrator
SRV-003479,2025-12-10,2,PR,Atendimento,55798,Detrator
SRV-003480,2025-09-20,0,GO,Preço,78310,Detrator
SRV-003481,2025-01-06,3,SC,Tempo de Entrega,19017,Detrator
SRV-003482,2025-10-16,8,MS,Variedade,35700,Neutro
SRV-003483,2025-02-27,4,MT,Tempo de Entrega,46507,Detrator
SRV-003484,2025-05-25,0,AM,Qualidade do Produto,57679,Detrator
SRV-003485,2025-02-11,4,PR,Tempo de Entrega,99938,Detrator
SRV-003486,2025-12-16,7,SP,Variedade,47232,Neutro
SRV-003487,2025-07-19,7,RS,Preço,99661,Neutro
SRV-003488,2025-06-23,4,SC,Atendimento,34020,Detrator
SRV-003489,2025-12-01,8,RJ,Qualidade do Produto,67172,Neutro
SRV-003490,2025-04-05,0,MT,Variedade,23746,Detrator
SRV-003491,2025-08-05,3,RS,Qualidade do Produto,73537,Detrator
SRV-003492,2025-04-21,2,SC,Tempo de Entrega,14094,Detrator
SRV-003493,2025-12-19,1,PR,Qualidade do Produto,78466,Detrator
SRV-003494,2025-06-29,7,BA,Variedade,40755,Neutro
SRV-003495,2025-06-12,6,PR,Atendimento,21552,Detrator
SRV-003496,2025-04-29,8,MT,Atendimento,69491,Neutro
SRV-003497,2025-11-21,1,RJ,Qualidade do Produto,29779,Detrator
SRV-003498,2025-08-16,3,SC,Preço,39000,Detrator
SRV-003499,2025-05-25,5,AM,Qualidade do Produto,95639,Detrator
SRV-003500,2025-11-04,10,MS,Tempo de Entrega,63953,Promotor
SRV-003501,2025-05-22,2,SP,Atendimento,67564,Detrator
SRV-003502,2025-05-02,7,PR,Atendimento,24102,Neutro
SRV-003503,2025-10-12,2,AM,Atendimento,11861,Detrator
SRV-003504,2025-08-14,1,SC,Preço,53574,Detrator
SRV-003505,2025-12-26,2,PA,Preço,42682,Detrator
SRV-003506,2025-09-14,10,RS,Variedade,88819,Promotor
SRV-003507,2025-10-12,5,AM,Qualidade do Produto,87972,Detrator
SRV-003508,2025-06-14,1,RJ,Qualidade do Produto,75185,Detrator
SRV-003509,2025-08-09,7,SP,Tempo de Entrega,84426,Neutro
SRV-003510,2025-03-10,0,SC,Atendimento,58120,Detrator
SRV-003511,2025-11-05,6,MG,Preço,48297,Detrator
SRV-003512,2025-08-12,1,PR,Tempo de Entrega,18299,Detrator
SRV-003513,2025-05-04,9,MS,Tempo de Entrega,51348,Promotor
SRV-003514,2025-12-10,5,PA,Preço,51384,Detrator
SRV-003515,2025-12-05,1,MT,Qualidade do Produto,86693,Detrator
SRV-003516,2025-01-12,1,GO,Atendimento,42687,Detrator
SRV-003517,2025-02-21,9,PA,Qualidade do Produto,74577,Promotor
SRV-003518,2025-05-09,7,RJ,Tempo de Entrega,70047,Neutro
SRV-003519,2025-05-15,1,PA,Atendimento,20191,Detrator
SRV-003520,2025-05-25,6,SP,Variedade,66884,Detrator
SRV-003521,2025-05-07,2,SP,Tempo de Entrega,64911,Detrator
SRV-003522,2025-08-14,7,GO,Qualidade do Produto,87303,Neutro
SRV-003523,2025-03-12,6,MT,Qualidade do Produto,93447,Detrator
SRV-003524,2025-09-30,7,ES,Qualidade do Produto,53726,Neutro
SRV-003525,2025-07-06,6,CE,Preço,44623,Detrator
SRV-003526,2025-01-03,10,GO,Tempo de Entrega,93517,Promotor
SRV-003527,2025-10-12,5,RJ,Atendimento,60000,Detrator
SRV-003528,2025-01-22,6,SP,Qualidade do Produto,81494,Detrator
SRV-003529,2025-06-15,4,SC,Qualidade do Produto,90241,Detrator
SRV-003530,2025-11-06,6,AM,Preço,73027,Detrator
SRV-003531,2025-12-29,0,ES,Atendimento,68995,Detrator
SRV-003532,2025-09-03,0,CE,Tempo de Entrega,52876,Detrator
SRV-003533,2025-08-22,8,GO,Variedade,61070,Neutro
SRV-003534,2025-11-21,4,MS,Preço,76224,Detrator
SRV-003535,2025-06-07,4,PA,Tempo de Entrega,35365,Detrator
SRV-003536,2025-05-31,2,RS,Variedade,39663,Detrator
SRV-003537,2025-08-01,4,MT,Qualidade do Produto,75436,Detrator
SRV-003538,2025-08-06,2,SC,Qualidade do Produto,93275,Detrator
SRV-003539,2025-09-03,8,PR,Atendimento,73211,Neutro
SRV-003540,2025-10-30,8,CE,Variedade,20909,Neutro
SRV-003541,2025-10-03,5,MS,Qualidade do Produto,70883,Detrator
SRV-003542,2025-05-31,0,GO,Qualidade do Produto,22713,Detrator
SRV-003543,2025-07-15,6,MS,Atendimento,22614,Detrator
SRV-003544,2025-01-21,6,MS,Tempo de Entrega,30734,Detrator
SRV-003545,2025-09-14,9,MS,Qualidade do Produto,40709,Promotor
SRV-003546,2025-01-17,9,RJ,Preço,32885,Promotor
SRV-003547,2025-02-20,3,PR,Preço,81622,Detrator
SRV-003548,2025-09-27,7,PE,Tempo de Entrega,88267,Neutro
SRV-003549,2025-11-11,5,PE,Variedade,96128,Detrator
SRV-003550,2025-03-24,3,RJ,Atendimento,23341,Detrator
SRV-003551,2025-11-02,3,RS,Preço,49435,Detrator
SRV-003552,2025-05-04,1,CE,Preço,22976,Detrator
SRV-003553,2025-10-17,1,AM,Tempo de Entrega,92910,Detrator
SRV-003554,2025-09-19,3,ES,Variedade,87869,Detrator
SRV-003555,2025-12-31,4,GO,Variedade,15290,Detrator
SRV-003556,2025-02-18,7,GO,Tempo de Entrega,55812,Neutro
SRV-003557,2025-01-06,5,MG,Preço,60528,Detrator
SRV-003558,2025-04-27,3,MT,Atendimento,68570,Detrator
SRV-003559,2025-04-28,10,SP,Preço,66399,Promotor
SRV-003560,2025-09-20,6,MG,Variedade,58437,Detrator
SRV-003561,2025-12-19,7,MT,Preço,99122,Neutro
SRV-003562,2025-05-09,1,PE,Atendimento,67907,Detrator
SRV-003563,2025-06-20,6,AM,Qualidade do Produto,91876,Detrator
SRV-003564,2025-01-27,1,PA,Preço,58723,Detrator
SRV-003565,2025-07-18,1,PE,Tempo de Entrega,45655,Detrator
SRV-003566,2025-11-10,7,RS,Qualidade do Produto,65833,Neutro
SRV-003567,2025-12-11,1,MG,Tempo de Entrega,90096,Detrator
SRV-003568,2025-04-07,10,GO,Tempo de Entrega,33997,Promotor
SRV-003569,2025-01-17,8,MG,Tempo de Entrega,76876,Neutro
SRV-003570,2025-06-22,0,ES,Preço,36013,Detrator
SRV-003571,2025-04-11,8,RS,Variedade,42862,Neutro
SRV-003572,2025-07-05,0,RS,Qualidade do Produto,62448,Detrator
SRV-003573,2025-07-03,9,MS,Atendimento,97818,Promotor
SRV-003574,2025-08-03,9,MS,Variedade,55608,Promotor
SRV-003575,2025-09-08,1,AM,Preço,94612,Detrator
SRV-003576,2025-08-04,5,RJ,Tempo de Entrega,50894,Detrator
SRV-003577,2025-01-29,5,MS,Atendimento,95201,Detrator
SRV-003578,2025-04-12,0,PA,Qualidade do Produto,60649,Detrator
SRV-003579,2025-05-03,6,PR,Variedade,72104,Detrator
SRV-003580,2025-02-23,7,RS,Variedade,86459,Neutro
SRV-003581,2025-10-10,1,RS,Atendimento,49821,Detrator
SRV-003582,2025-04-12,7,SC,Preço,57940,Neutro
SRV-003583,2025-04-27,8,CE,Qualidade do Produto,20935,Neutro
SRV-003584,2025-04-14,5,CE,Atendimento,99577,Detrator
SRV-003585,2025-02-14,4,MS,Tempo de Entrega,22467,Detrator
SRV-003586,2025-04-24,8,BA,Qualidade do Produto,21073,Neutro
SRV-003587,2025-12-09,10,MG,Variedade,17691,Promotor
SRV-003588,2025-01-31,8,PA,Atendimento,56538,Neutro
SRV-003589,2025-06-13,0,SP,Variedade,34490,Detrator
SRV-003590,2025-07-08,10,MG,Variedade,25688,Promotor
SRV-003591,2025-10-20,2,MT,Variedade,60650,Detrator
SRV-003592,2025-07-14,8,RJ,Preço,23829,Neutro
SRV-003593,2025-10-19,10,RJ,Variedade,13086,Promotor
SRV-003594,2025-09-18,1,AM,Tempo de Entrega,12590,Detrator
SRV-003595,2025-07-26,3,AM,Tempo de Entrega,49893,Detrator
SRV-003596,2025-02-21,3,RJ,Qualidade do Produto,83396,Detrator
SRV-003597,2025-02-18,1,PR,Variedade,48176,Detrator
SRV-003598,2025-01-06,2,GO,Variedade,77484,Detrator
SRV-003599,2025-08-12,2,SP,Atendimento,36295,Detrator
SRV-003600,2025-01-23,0,CE,Preço,48131,Detrator
SRV-003601,2025-05-25,5,ES,Qualidade do Produto,54893,Detrator
SRV-003602,2025-04-20,7,AM,Variedade,21924,Neutro
SRV-003603,2025-07-31,2,CE,Atendimento,20851,Detrator
SRV-003604,2025-10-27,4,PR,Preço,17734,Detrator
SRV-003605,2025-02-10,0,RJ,Qualidade do Produto,52681,Detrator
SRV-003606,2025-06-21,9,PR,Qualidade do Produto,15293,Promotor
SRV-003607,2025-07-05,6,CE,Variedade,63203,Detrator
SRV-003608,2025-08-02,9,PA,Qualidade do Produto,23820,Promotor
SRV-003609,2025-11-02,0,ES,Atendimento,77827,Detrator
SRV-003610,2025-02-21,10,BA,Qualidade do Produto,57163,Promotor
SRV-003611,2025-03-11,8,SP,Tempo de Entrega,22391,Neutro
SRV-003612,2025-07-15,7,PA,Atendimento,51970,Neutro
SRV-003613,2025-05-31,6,MS,Preço,56823,Detrator
SRV-003614,2025-04-19,9,PR,Preço,40796,Promotor
SRV-003615,2025-04-28,6,AM,Variedade,93127,Detrator
SRV-003616,2025-12-31,4,AM,Variedade,46389,Detrator
SRV-003617,2025-04-05,4,MT,Tempo de Entrega,13352,Detrator
SRV-003618,2025-09-13,10,MS,Preço,93598,Promotor
SRV-003619,2025-02-13,4,CE,Preço,38172,Detrator
SRV-003620,2025-03-08,0,SP,Preço,20937,Detrator
SRV-003621,2025-06-05,7,CE,Preço,90138,Neutro
SRV-003622,2025-11-19,10,CE,Qualidade do Produto,98672,Promotor
SRV-003623,2025-07-25,0,ES,Atendimento,76481,Detrator
SRV-003624,2025-10-01,3,BA,Atendimento,95348,Detrator
SRV-003625,2025-06-04,8,SP,Tempo de Entrega,83509,Neutro
SRV-003626,2025-06-28,8,MT,Qualidade do Produto,33552,Neutro
SRV-003627,2025-03-01,4,PA,Preço,24118,Detrator
SRV-003628,2025-03-15,3,RJ,Preço,21290,Detrator
SRV-003629,2025-02-18,2,SP,Variedade,35123,Detrator
SRV-003630,2025-09-28,2,MT,Variedade,91919,Detrator
SRV-003631,2025-03-14,4,RS,Tempo de Entrega,69551,Detrator
SRV-003632,2025-07-15,9,RJ,Preço,62136,Promotor
SRV-003633,2025-06-28,0,SP,Tempo de Entrega,73886,Detrator
SRV-003634,2025-02-17,4,PA,Qualidade do Produto,85902,Detrator
SRV-003635,2025-03-13,5,MS,Atendimento,77333,Detrator
SRV-003636,2025-04-23,6,SC,Preço,54016,Detrator
SRV-003637,2025-09-02,8,SC,Qualidade do Produto,31427,Neutro
SRV-003638,2025-11-05,2,CE,Preço,12257,Detrator
SRV-003639,2025-06-08,1,RJ,Variedade,77733,Detrator
SRV-003640,2025-10-01,2,PA,Tempo de Entrega,18222,Detrator
SRV-003641,2025-09-25,8,SP,Variedade,35187,Neutro
SRV-003642,2025-10-31,6,AM,Atendimento,89688,Detrator
SRV-003643,2025-01-30,8,CE,Variedade,30781,Neutro
SRV-003644,2025-04-07,1,MG,Preço,21004,Detrator
SRV-003645,2025-09-08,4,CE,Variedade,67600,Detrator
SRV-003646,2025-01-07,3,AM,Preço,35515,Detrator
SRV-003647,2025-04-02,1,PR,Atendimento,90952,Detrator
SRV-003648,2025-04-23,8,SC,Variedade,81688,Neutro
SRV-003649,2025-09-16,8,MG,Tempo de Entrega,82708,Neutro
SRV-003650,2025-04-17,5,PE,Tempo de Entrega,13185,Detrator
SRV-003651,2025-03-04,10,MT,Tempo de Entrega,64476,Promotor
SRV-003652,2025-12-24,5,PR,Variedade,41212,Detrator
SRV-003653,2025-09-28,7,GO,Variedade,84697,Neutro
SRV-003654,2025-07-18,5,RJ,Variedade,58533,Detrator
SRV-003655,2025-12-13,0,CE,Preço,93003,Detrator
SRV-003656,2025-12-03,3,SC,Atendimento,97125,Detrator
SRV-003657,2025-05-26,6,MS,Tempo de Entrega,47630,Detrator
SRV-003658,2025-03-02,1,BA,Preço,78606,Detrator
SRV-003659,2025-04-30,8,MT,Tempo de Entrega,84099,Neutro
SRV-003660,2025-03-02,7,SC,Preço,26585,Neutro
SRV-003661,2025-11-05,7,ES,Variedade,59240,Neutro
SRV-003662,2025-01-26,6,SC,Tempo de Entrega,24772,Detrator
SRV-003663,2025-04-25,3,BA,Variedade,89991,Detrator
SRV-003664,2025-02-09,1,BA,Tempo de Entrega,81835,Detrator
SRV-003665,2025-12-10,2,GO,Qualidade do Produto,85724,Detrator
SRV-003666,2025-04-26,5,CE,Preço,97091,Detrator
SRV-003667,2025-05-16,4,RJ,Qualidade do Produto,27938,Detrator
SRV-003668,2025-10-04,7,BA,Preço,31983,Neutro
SRV-003669,2025-10-26,5,SC,Atendimento,22874,Detrator
SRV-003670,2025-01-21,5,RJ,Tempo de Entrega,70896,Detrator
SRV-003671,2025-01-31,0,SP,Atendimento,56209,Detrator
SRV-003672,2025-09-04,3,SC,Atendimento,42822,Detrator
SRV-003673,2025-01-27,4,GO,Preço,30750,Detrator
SRV-003674,2025-03-14,10,RS,Qualidade do Produto,52083,Promotor
SRV-003675,2025-04-07,2,AM,Variedade,37946,Detrator
SRV-003676,2025-06-10,8,AM,Preço,11552,Neutro
SRV-003677,2025-12-12,0,CE,Variedade,83331,Detrator
SRV-003678,2025-10-27,5,PR,Atendimento,15271,Detrator
SRV-003679,2025-10-26,5,AM,Variedade,90201,Detrator
SRV-003680,2025-10-14,9,CE,Qualidade do Produto,75651,Promotor
SRV-003681,2025-07-31,4,BA,Preço,38994,Detrator
SRV-003682,2025-03-17,4,MT,Qualidade do Produto,37186,Detrator
SRV-003683,2025-05-23,9,GO,Qualidade do Produto,40267,Promotor
SRV-003684,2025-02-03,4,MS,Preço,49140,Detrator
SRV-003685,2025-12-02,5,PE,Qualidade do Produto,34935,Detrator
SRV-003686,2025-01-04,7,ES,Tempo de Entrega,41748,Neutro
SRV-003687,2025-11-24,1,RS,Tempo de Entrega,13837,Detrator
SRV-003688,2025-04-08,5,BA,Tempo de Entrega,74875,Detrator
SRV-003689,2025-08-05,0,GO,Variedade,72694,Detrator
SRV-003690,2025-01-28,3,SC,Qualidade do Produto,19610,Detrator
SRV-003691,2025-07-20,9,RJ,Preço,38615,Promotor
SRV-003692,2025-09-30,2,RS,Preço,86644,Detrator
SRV-003693,2025-11-10,8,GO,Variedade,32347,Neutro
SRV-003694,2025-05-07,2,PE,Preço,44062,Detrator
SRV-003695,2025-07-21,5,PR,Tempo de Entrega,65122,Detrator
SRV-003696,2025-01-09,0,PA,Qualidade do Produto,58431,Detrator
SRV-003697,2025-10-14,5,RJ,Preço,83086,Detrator
SRV-003698,2025-03-29,3,ES,Preço,38205,Detrator
SRV-003699,2025-11-14,7,MG,Atendimento,28459,Neutro
SRV-003700,2025-01-19,10,ES,Atendimento,33750,Promotor
SRV-003701,2025-03-22,8,CE,Atendimento,37729,Neutro
SRV-003702,2025-04-17,3,RS,Qualidade do Produto,48585,Detrator
SRV-003703,2025-11-07,9,CE,Tempo de Entrega,93698,Promotor
SRV-003704,2025-08-18,9,BA,Tempo de Entrega,55635,Promotor
SRV-003705,2025-04-22,5,SP,Tempo de Entrega,54854,Detrator
SRV-003706,2025-08-08,0,GO,Qualidade do Produto,86226,Detrator
SRV-003707,2025-05-03,3,BA,Qualidade do Produto,39104,Detrator
SRV-003708,2025-09-01,6,PR,Atendimento,92293,Detrator
SRV-003709,2025-06-27,0,MS,Preço,24770,Detrator
SRV-003710,2025-03-06,7,RS,Variedade,85993,Neutro
SRV-003711,2025-01-03,9,MT,Variedade,27957,Promotor
SRV-003712,2025-07-26,10,MT,Preço,65178,Promotor
SRV-003713,2025-01-21,5,SP,Atendimento,30828,Detrator
SRV-003714,2025-10-20,4,RJ,Preço,27171,Detrator
SRV-003715,2025-01-15,9,SP,Preço,71465,Promotor
SRV-003716,2025-12-09,10,PR,Variedade,23146,Promotor
SRV-003717,2025-07-25,8,AM,Atendimento,56266,Neutro
SRV-003718,2025-07-21,1,AM,Qualidade do Produto,55939,Detrator
SRV-003719,2025-04-30,4,SC,Variedade,24202,Detrator
SRV-003720,2025-05-17,5,CE,Qualidade do Produto,47142,Detrator
SRV-003721,2025-10-27,6,PE,Atendimento,73828,Detrator
SRV-003722,2025-10-22,4,BA,Preço,97367,Detrator
SRV-003723,2025-01-25,8,RS,Tempo de Entrega,69046,Neutro
SRV-003724,2025-11-08,0,MS,Tempo de Entrega,19849,Detrator
SRV-003725,2025-08-22,6,PR,Atendimento,69272,Detrator
SRV-003726,2025-05-01,9,AM,Tempo de Entrega,30439,Promotor
SRV-003727,2025-03-31,6,PA,Qualidade do Produto,92526,Detrator
SRV-003728,2025-11-16,3,MG,Tempo de Entrega,88872,Detrator
SRV-003729,2025-07-19,8,PE,Atendimento,45344,Neutro
SRV-003730,2025-06-29,10,GO,Atendimento,98489,Promotor
SRV-003731,2025-12-11,4,PR,Qualidade do Produto,63276,Detrator
SRV-003732,2025-03-17,3,MG,Tempo de Entrega,15051,Detrator
SRV-003733,2025-05-17,6,MG,Tempo de Entrega,59474,Detrator
SRV-003734,2025-05-18,3,MG,Preço,85604,Detrator
SRV-003735,2025-01-10,2,AM,Variedade,26967,Detrator
SRV-003736,2025-07-20,8,SC,Atendimento,31773,Neutro
SRV-003737,2025-11-14,10,SP,Preço,84383,Promotor
SRV-003738,2025-12-12,7,MT,Atendimento,80417,Neutro
SRV-003739,2025-08-07,0,ES,Preço,51182,Detrator
SRV-003740,2025-03-01,6,GO,Variedade,73589,Detrator
SRV-003741,2025-05-27,8,BA,Preço,83235,Neutro
SRV-003742,2025-04-17,7,MG,Atendimento,34180,Neutro
SRV-003743,2025-02-07,7,PR,Tempo de Entrega,74372,Neutro
SRV-003744,2025-05-14,5,RJ,Atendimento,61372,Detrator
SRV-003745,2025-08-09,10,PA,Qualidade do Produto,79086,Promotor
SRV-003746,2025-10-30,3,RJ,Qualidade do Produto,32163,Detrator
SRV-003747,2025-05-13,7,MT,Qualidade do Produto,73089,Neutro
SRV-003748,2025-11-30,2,GO,Qualidade do Produto,42934,Detrator
SRV-003749,2025-02-22,8,RS,Variedade,65595,Neutro
SRV-003750,2025-03-03,1,CE,Tempo de Entrega,36592,Detrator
SRV-003751,2025-01-23,1,MG,Tempo de Entrega,33039,Detrator
SRV-003752,2025-02-13,6,PR,Atendimento,74099,Detrator
SRV-003753,2025-11-04,9,MG,Preço,99262,Promotor
SRV-003754,2025-02-15,3,SC,Atendimento,44018,Detrator
SRV-003755,2025-05-27,9,GO,Atendimento,63158,Promotor
SRV-003756,2025-08-04,7,CE,Atendimento,14558,Neutro
SRV-003757,2025-12-06,8,MG,Atendimento,42174,Neutro
SRV-003758,2025-02-16,6,BA,Tempo de Entrega,52631,Detrator
SRV-003759,2025-12-13,4,RJ,Preço,77687,Detrator
SRV-003760,2025-11-04,7,MG,Atendimento,25552,Neutro
SRV-003761,2025-01-24,3,BA,Tempo de Entrega,45065,Detrator
SRV-003762,2025-05-25,1,BA,Atendimento,12614,Detrator
SRV-003763,2025-03-30,10,SP,Qualidade do Produto,44647,Promotor
SRV-003764,2025-06-23,5,BA,Atendimento,67940,Detrator
SRV-003765,2025-03-05,8,CE,Atendimento,10620,Neutro
SRV-003766,2025-04-29,0,RJ,Variedade,33082,Detrator
SRV-003767,2025-08-11,10,MS,Qualidade do Produto,31891,Promotor
SRV-003768,2025-06-05,9,RS,Preço,72395,Promotor
SRV-003769,2025-06-27,6,SC,Atendimento,60955,Detrator
SRV-003770,2025-11-16,9,RJ,Preço,42314,Promotor
SRV-003771,2025-12-08,8,PR,Qualidade do Produto,33500,Neutro
SRV-003772,2025-02-25,9,RS,Atendimento,63685,Promotor
SRV-003773,2025-02-28,8,BA,Variedade,74783,Neutro
SRV-003774,2025-08-08,9,MG,Tempo de Entrega,60189,Promotor
SRV-003775,2025-07-04,10,SP,Variedade,29567,Promotor
SRV-003776,2025-02-16,2,GO,Variedade,35978,Detrator
SRV-003777,2025-04-12,10,RS,Tempo de Entrega,86089,Promotor
SRV-003778,2025-02-13,4,GO,Tempo de Entrega,19630,Detrator
SRV-003779,2025-01-15,7,PR,Tempo de Entrega,22003,Neutro
SRV-003780,2025-08-24,7,PR,Atendimento,51444,Neutro
SRV-003781,2025-12-27,3,RS,Preço,96184,Detrator
SRV-003782,2025-02-20,10,SP,Preço,41607,Promotor
SRV-003783,2025-11-05,10,BA,Tempo de Entrega,34821,Promotor
SRV-003784,2025-02-03,0,MS,Variedade,24601,Detrator
SRV-003785,2025-05-04,0,AM,Qualidade do Produto,55904,Detrator
SRV-003786,2025-03-18,3,CE,Tempo de Entrega,81657,Detrator
SRV-003787,2025-05-03,5,PA,Variedade,48557,Detrator
SRV-003788,2025-07-24,7,PR,Variedade,62523,Neutro
SRV-003789,2025-08-16,5,BA,Atendimento,91846,Detrator
SRV-003790,2025-03-11,8,CE,Atendimento,60502,Neutro
SRV-003791,2025-08-18,8,PA,Preço,32098,Neutro
SRV-003792,2025-01-21,1,CE,Preço,55902,Detrator
SRV-003793,2025-04-18,9,PR,Qualidade do Produto,99067,Promotor
SRV-003794,2025-12-30,0,MS,Qualidade do Produto,49253,Detrator
SRV-003795,2025-08-29,1,RS,Qualidade do Produto,85516,Detrator
SRV-003796,2025-09-08,4,CE,Qualidade do Produto,54280,Detrator
SRV-003797,2025-05-15,3,MG,Variedade,18951,Detrator
SRV-003798,2025-03-31,3,RJ,Variedade,18117,Detrator
SRV-003799,2025-03-20,8,SC,Preço,35979,Neutro
SRV-003800,2025-06-26,10,PR,Atendimento,84525,Promotor
SRV-003801,2025-10-25,7,PE,Atendimento,26915,Neutro
SRV-003802,2025-11-04,5,CE,Tempo de Entrega,69261,Detrator
SRV-003803,2025-04-12,0,ES,Variedade,82964,Detrator
SRV-003804,2025-12-27,1,MT,Qualidade do Produto,80440,Detrator
SRV-003805,2025-12-01,5,MG,Qualidade do Produto,45677,Detrator
SRV-003806,2025-04-22,10,PE,Tempo de Entrega,59830,Promotor
SRV-003807,2025-06-30,1,BA,Atendimento,62536,Detrator
SRV-003808,2025-04-14,9,SC,Qualidade do Produto,18922,Promotor
SRV-003809,2025-01-16,4,SP,Atendimento,77561,Detrator
SRV-003810,2025-04-06,4,AM,Tempo de Entrega,23220,Detrator
SRV-003811,2025-10-20,5,CE,Atendimento,55958,Detrator
SRV-003812,2025-05-26,5,GO,Atendimento,63380,Detrator
SRV-003813,2025-10-29,5,MS,Atendimento,12766,Detrator
SRV-003814,2025-01-02,1,MT,Qualidade do Produto,94018,Detrator
SRV-003815,2025-04-29,9,SP,Preço,43159,Promotor
SRV-003816,2025-12-09,2,MS,Variedade,20935,Detrator
SRV-003817,2025-04-04,5,SC,Atendimento,13784,Detrator
SRV-003818,2025-07-10,7,GO,Atendimento,98586,Neutro
SRV-003819,2025-01-03,10,MG,Atendimento,30221,Promotor
SRV-003820,2025-04-21,0,MG,Preço,39179,Detrator
SRV-003821,2025-06-26,0,SC,Tempo de Entrega,28069,Detrator
SRV-003822,2025-09-14,10,GO,Qualidade do Produto,45682,Promotor
SRV-003823,2025-12-27,1,MG,Preço,66268,Detrator
SRV-003824,2025-01-22,10,GO,Atendimento,87818,Promotor
SRV-003825,2025-08-08,5,MT,Preço,30110,Detrator
SRV-003826,2025-06-22,8,CE,Preço,41232,Neutro
SRV-003827,2025-08-12,3,SC,Preço,54273,Detrator
SRV-003828,2025-03-06,2,PR,Tempo de Entrega,80487,Detrator
SRV-003829,2025-10-04,7,ES,Variedade,65210,Neutro
SRV-003830,2025-09-06,10,BA,Qualidade do Produto,83191,Promotor
SRV-003831,2025-09-17,9,RJ,Tempo de Entrega,39461,Promotor
SRV-003832,2025-05-11,8,PA,Tempo de Entrega,14610,Neutro
SRV-003833,2025-04-23,10,MS,Variedade,66973,Promotor
SRV-003834,2025-10-13,4,AM,Tempo de Entrega,93004,Detrator
SRV-003835,2025-10-14,8,MT,Preço,17583,Neutro
SRV-003836,2025-07-30,1,RS,Preço,35583,Detrator
SRV-003837,2025-01-20,2,ES,Atendimento,27701,Detrator
SRV-003838,2025-08-03,6,RJ,Tempo de Entrega,16880,Detrator
SRV-003839,2025-11-06,6,PA,Atendimento,99257,Detrator
SRV-003840,2025-09-08,5,RS,Qualidade do Produto,61845,Detrator
SRV-003841,2025-09-28,5,GO,Preço,82417,Detrator
SRV-003842,2025-06-29,1,SP,Qualidade do Produto,13722,Detrator
SRV-003843,2025-07-13,9,ES,Variedade,30077,Promotor
SRV-003844,2025-11-09,5,PE,Preço,90868,Detrator
SRV-003845,2025-03-20,3,AM,Qualidade do Produto,23229,Detrator
SRV-003846,2025-06-29,2,ES,Variedade,83338,Detrator
SRV-003847,2025-06-12,10,MS,Qualidade do Produto,71679,Promotor
SRV-003848,2025-07-21,1,GO,Variedade,97637,Detrator
SRV-003849,2025-01-14,0,MG,Variedade,21439,Detrator
SRV-003850,2025-12-13,10,CE,Preço,45902,Promotor
SRV-003851,2025-09-03,10,CE,Atendimento,12598,Promotor
SRV-003852,2025-01-14,4,RJ,Variedade,14052,Detrator
SRV-003853,2025-04-09,1,AM,Variedade,22741,Detrator
SRV-003854,2025-02-02,1,PA,Preço,79360,Detrator
SRV-003855,2025-09-14,6,MG,Atendimento,46288,Detrator
SRV-003856,2025-02-03,7,SP,Tempo de Entrega,11249,Neutro
SRV-003857,2025-01-19,9,CE,Tempo de Entrega,32970,Promotor
SRV-003858,2025-06-01,7,BA,Atendimento,25565,Neutro
SRV-003859,2025-09-17,3,SP,Qualidade do Produto,66995,Detrator
SRV-003860,2025-06-13,0,MG,Preço,93994,Detrator
SRV-003861,2025-03-18,10,AM,Atendimento,61656,Promotor
SRV-003862,2025-11-10,6,MG,Tempo de Entrega,72134,Detrator
SRV-003863,2025-05-17,0,GO,Variedade,55765,Detrator
SRV-003864,2025-12-25,10,PA,Tempo de Entrega,12014,Promotor
SRV-003865,2025-07-27,3,RJ,Variedade,80480,Detrator
SRV-003866,2025-08-30,7,AM,Preço,24012,Neutro
SRV-003867,2025-03-08,1,PR,Variedade,67498,Detrator
SRV-003868,2025-04-26,5,CE,Atendimento,78776,Detrator
SRV-003869,2025-07-21,5,MG,Variedade,71711,Detrator
SRV-003870,2025-09-07,8,MG,Qualidade do Produto,52530,Neutro
SRV-003871,2025-10-05,4,BA,Atendimento,89267,Detrator
SRV-003872,2025-04-22,9,ES,Preço,28018,Promotor
SRV-003873,2025-11-27,3,ES,Atendimento,27916,Detrator
SRV-003874,2025-08-22,4,MG,Qualidade do Produto,50376,Detrator
SRV-003875,2025-06-25,9,MT,Preço,75046,Promotor
SRV-003876,2025-05-23,10,SP,Tempo de Entrega,68742,Promotor
SRV-003877,2025-02-01,4,BA,Qualidade do Produto,95566,Detrator
SRV-003878,2025-06-30,7,PA,Preço,87125,Neutro
SRV-003879,2025-03-08,9,SP,Variedade,97519,Promotor
SRV-003880,2025-01-04,7,RS,Atendimento,22437,Neutro
SRV-003881,2025-10-13,1,PR,Preço,72146,Detrator
SRV-003882,2025-09-26,6,ES,Atendimento,37618,Detrator
SRV-003883,2025-08-24,7,ES,Variedade,60767,Neutro
SRV-003884,2025-10-04,10,BA,Preço,19705,Promotor
SRV-003885,2025-02-10,5,MT,Tempo de Entrega,67146,Detrator
SRV-003886,2025-05-01,4,MT,Qualidade do Produto,98216,Detrator
SRV-003887,2025-10-02,10,GO,Preço,90912,Promotor
SRV-003888,2025-08-19,8,AM,Variedade,61750,Neutro
SRV-003889,2025-10-31,2,SC,Preço,54379,Detrator
SRV-003890,2025-03-27,9,AM,Atendimento,62682,Promotor
SRV-003891,2025-03-04,3,MS,Preço,74713,Detrator
SRV-003892,2025-07-11,8,SP,Tempo de Entrega,66919,Neutro
SRV-003893,2025-10-20,5,AM,Preço,70384,Detrator
SRV-003894,2025-01-31,7,CE,Qualidade do Produto,61128,Neutro
SRV-003895,2025-11-26,6,BA,Preço,11835,Detrator
SRV-003896,2025-05-26,10,GO,Atendimento,31283,Promotor
SRV-003897,2025-04-17,1,AM,Preço,59506,Detrator
SRV-003898,2025-12-25,2,RJ,Tempo de Entrega,63625,Detrator
SRV-003899,2025-04-20,0,SC,Variedade,45963,Detrator
SRV-003900,2025-10-03,8,PE,Preço,19179,Neutro
SRV-003901,2025-07-29,6,SP,Preço,21955,Detrator
SRV-003902,2025-05-19,0,SC,Qualidade do Produto,17198,Detrator
SRV-003903,2025-03-27,2,BA,Tempo de Entrega,77156,Detrator
SRV-003904,2025-02-13,3,CE,Variedade,54588,Detrator
SRV-003905,2025-03-23,3,GO,Atendimento,21766,Detrator
SRV-003906,2025-03-05,4,RJ,Preço,63570,Detrator
SRV-003907,2025-12-09,2,PR,Variedade,79874,Detrator
SRV-003908,2025-11-17,2,SC,Atendimento,58679,Detrator
SRV-003909,2025-02-24,0,PR,Tempo de Entrega,15301,Detrator
SRV-003910,2025-03-15,6,MG,Tempo de Entrega,25144,Detrator
SRV-003911,2025-05-09,10,ES,Variedade,23784,Promotor
SRV-003912,2025-09-13,9,RS,Atendimento,77959,Promotor
SRV-003913,2025-08-19,0,ES,Tempo de Entrega,18272,Detrator
SRV-003914,2025-05-17,1,PE,Variedade,11573,Detrator
SRV-003915,2025-12-17,3,MT,Tempo de Entrega,34419,Detrator
SRV-003916,2025-12-21,3,MS,Tempo de Entrega,92339,Detrator
SRV-003917,2025-04-22,4,AM,Tempo de Entrega,58555,Detrator
SRV-003918,2025-11-04,10,GO,Qualidade do Produto,15176,Promotor
SRV-003919,2025-05-26,1,GO,Atendimento,46161,Detrator
SRV-003920,2025-02-02,3,CE,Variedade,73440,Detrator
SRV-003921,2025-09-17,0,RJ,Variedade,68862,Detrator
SRV-003922,2025-03-28,1,PR,Atendimento,25164,Detrator
SRV-003923,2025-11-27,0,BA,Atendimento,87758,Detrator
SRV-003924,2025-09-22,9,AM,Atendimento,35379,Promotor
SRV-003925,2025-11-16,9,PR,Atendimento,93552,Promotor
SRV-003926,2025-01-30,3,CE,Preço,28368,Detrator
SRV-003927,2025-08-20,3,MS,Variedade,99041,Detrator
SRV-003928,2025-03-17,6,BA,Preço,42771,Detrator
SRV-003929,2025-05-09,9,BA,Tempo de Entrega,74950,Promotor
SRV-003930,2025-09-28,10,PE,Tempo de Entrega,50245,Promotor
SRV-003931,2025-03-30,10,CE,Variedade,82792,Promotor
SRV-003932,2025-06-19,8,SC,Tempo de Entrega,53327,Neutro
SRV-003933,2025-05-08,8,MS,Atendimento,56454,Neutro
SRV-003934,2025-06-23,4,ES,Preço,56741,Detrator
SRV-003935,2025-01-26,9,MS,Atendimento,41977,Promotor
SRV-003936,2025-03-02,0,MT,Tempo de Entrega,16714,Detrator
SRV-003937,2025-03-08,0,MG,Preço,87237,Detrator
SRV-003938,2025-01-26,5,PA,Atendimento,24891,Detrator
SRV-003939,2025-03-24,1,MS,Variedade,62299,Detrator
SRV-003940,2025-12-30,7,AM,Atendimento,75167,Neutro
SRV-003941,2025-03-01,8,PR,Tempo de Entrega,75124,Neutro
SRV-003942,2025-02-08,3,SC,Preço,68639,Detrator
SRV-003943,2025-05-03,4,MG,Variedade,50912,Detrator
SRV-003944,2025-10-19,10,RJ,Preço,85452,Promotor
SRV-003945,2025-10-04,7,RS,Variedade,78446,Neutro
SRV-003946,2025-10-31,2,MT,Preço,93790,Detrator
SRV-003947,2025-10-09,4,PR,Tempo de Entrega,71516,Detrator
SRV-003948,2025-07-10,2,PE,Variedade,54250,Detrator
SRV-003949,2025-10-19,9,PA,Qualidade do Produto,46116,Promotor
SRV-003950,2025-06-01,2,MG,Preço,93521,Detrator
SRV-003951,2025-08-21,2,AM,Preço,32151,Detrator
SRV-003952,2025-05-26,6,PA,Atendimento,81366,Detrator
SRV-003953,2025-09-28,6,BA,Variedade,54297,Detrator
SRV-003954,2025-12-01,6,SC,Qualidade do Produto,50888,Detrator
SRV-003955,2025-05-14,9,ES,Tempo de Entrega,66195,Promotor
SRV-003956,2025-06-20,7,MS,Atendimento,94010,Neutro
SRV-003957,2025-01-28,4,MS,Qualidade do Produto,81016,Detrator
SRV-003958,2025-05-16,4,PA,Variedade,84979,Detrator
SRV-003959,2025-08-29,3,PE,Qualidade do Produto,64334,Detrator
SRV-003960,2025-12-10,6,PR,Preço,78345,Detrator
SRV-003961,2025-08-16,9,PA,Preço,49761,Promotor
SRV-003962,2025-10-14,3,CE,Atendimento,36930,Detrator
SRV-003963,2025-10-30,1,SC,Variedade,69117,Detrator
SRV-003964,2025-02-03,3,AM,Variedade,33095,Detrator
SRV-003965,2025-01-02,7,PA,Qualidade do Produto,87482,Neutro
SRV-003966,2025-12-28,8,PA,Atendimento,13991,Neutro
SRV-003967,2025-07-14,2,GO,Variedade,33519,Detrator
SRV-003968,2025-04-04,6,PE,Preço,36657,Detrator
SRV-003969,2025-11-24,8,RS,Qualidade do Produto,10826,Neutro
SRV-003970,2025-11-04,10,MS,Tempo de Entrega,52625,Promotor
SRV-003971,2025-05-15,3,PR,Preço,92049,Detrator
SRV-003972,2025-07-23,9,RJ,Atendimento,27801,Promotor
SRV-003973,2025-09-07,2,ES,Variedade,39846,Detrator
SRV-003974,2025-05-27,4,RJ,Preço,49566,Detrator
SRV-003975,2025-12-12,0,MG,Tempo de Entrega,33157,Detrator
SRV-003976,2025-12-14,2,CE,Tempo de Entrega,38363,Detrator
SRV-003977,2025-09-11,7,MS,Atendimento,60559,Neutro
SRV-003978,2025-11-30,10,MG,Preço,15136,Promotor
SRV-003979,2025-06-25,7,ES,Qualidade do Produto,67937,Neutro
SRV-003980,2025-05-05,3,SC,Preço,27421,Detrator
SRV-003981,2025-09-08,1,MS,Tempo de Entrega,88027,Detrator
SRV-003982,2025-05-11,7,MG,Atendimento,17546,Neutro
SRV-003983,2025-02-19,7,CE,Atendimento,81439,Neutro
SRV-003984,2025-04-03,9,AM,Qualidade do Produto,56623,Promotor
SRV-003985,2025-11-06,3,SP,Atendimento,26406,Detrator
SRV-003986,2025-08-08,2,SP,Atendimento,90485,Detrator
SRV-003987,2025-11-30,1,PE,Atendimento,19825,Detrator
SRV-003988,2025-11-30,8,PE,Atendimento,81823,Neutro
SRV-003989,2025-01-20,0,PR,Atendimento,44173,Detrator
SRV-003990,2025-07-24,6,PE,Tempo de Entrega,65619,Detrator
SRV-003991,2025-04-01,4,MT,Preço,93114,Detrator
SRV-003992,2025-12-21,7,RS,Variedade,17923,Neutro
SRV-003993,2025-06-22,3,PE,Atendimento,44374,Detrator
SRV-003994,2025-07-08,6,MS,Variedade,71713,Detrator
SRV-003995,2025-11-08,4,RS,Variedade,51411,Detrator
SRV-003996,2025-01-02,4,PE,Tempo de Entrega,74368,Detrator
SRV-003997,2025-12-27,8,PA,Atendimento,18316,Neutro
SRV-003998,2025-06-17,8,RJ,Variedade,20556,Neutro
SRV-003999,2025-01-24,8,MT,Atendimento,20058,Neutro
SRV-004000,2025-12-31,5,MT,Qualidade do Produto,35482,Detrator
SRV-004001,2025-03-09,5,BA,Qualidade do Produto,54494,Detrator
SRV-004002,2025-07-13,4,RS,Qualidade do Produto,35005,Detrator
SRV-004003,2025-03-25,8,SC,Variedade,94671,Neutro
SRV-004004,2025-07-26,9,PR,Qualidade do Produto,99424,Promotor
SRV-004005,2025-02-18,7,ES,Tempo de Entrega,42481,Neutro
SRV-004006,2025-02-01,6,RS,Tempo de Entrega,38401,Detrator
SRV-004007,2025-11-13,6,MG,Variedade,50431,Detrator
SRV-004008,2025-06-19,5,BA,Atendimento,74459,Detrator
SRV-004009,2025-05-09,4,RJ,Preço,88682,Detrator
SRV-004010,2025-04-12,3,SP,Atendimento,86789,Detrator
SRV-004011,2025-02-04,2,MT,Atendimento,58504,Detrator
SRV-004012,2025-11-03,2,RJ,Atendimento,13223,Detrator
SRV-004013,2025-07-18,5,PE,Atendimento,80977,Detrator
SRV-004014,2025-10-28,3,PR,Preço,50149,Detrator
SRV-004015,2025-03-18,5,MT,Qualidade do Produto,22863,Detrator
SRV-004016,2025-11-17,2,BA,Atendimento,39564,Detrator
SRV-004017,2025-01-14,3,MG,Tempo de Entrega,92189,Detrator
SRV-004018,2025-12-15,8,RS,Variedade,99624,Neutro
SRV-004019,2025-05-11,4,PA,Variedade,32499,Detrator
SRV-004020,2025-08-26,6,RJ,Tempo de Entrega,99218,Detrator
SRV-004021,2025-10-07,9,BA,Atendimento,42132,Promotor
SRV-004022,2025-03-06,1,AM,Preço,14533,Detrator
SRV-004023,2025-05-18,4,RS,Qualidade do Produto,92962,Detrator
SRV-004024,2025-09-26,8,MS,Variedade,90096,Neutro
SRV-004025,2025-08-16,10,PR,Qualidade do Produto,44409,Promotor
SRV-004026,2025-07-20,2,MS,Preço,91461,Detrator
SRV-004027,2025-05-22,8,MT,Variedade,32987,Neutro
SRV-004028,2025-04-10,10,ES,Qualidade do Produto,20633,Promotor
SRV-004029,2025-05-18,5,SP,Preço,66207,Detrator
SRV-004030,2025-06-17,3,PR,Qualidade do Produto,60535,Detrator
SRV-004031,2025-04-09,6,MS,Atendimento,13996,Detrator
SRV-004032,2025-11-07,7,PE,Preço,10014,Neutro
SRV-004033,2025-11-15,5,CE,Qualidade do Produto,90431,Detrator
SRV-004034,2025-11-23,4,ES,Atendimento,11674,Detrator
SRV-004035,2025-12-21,5,GO,Atendimento,47867,Detrator
SRV-004036,2025-03-07,4,PE,Preço,95537,Detrator
SRV-004037,2025-12-01,7,MS,Tempo de Entrega,67251,Neutro
SRV-004038,2025-11-25,0,RJ,Variedade,65709,Detrator
SRV-004039,2025-02-16,10,ES,Preço,27864,Promotor
SRV-004040,2025-12-03,6,PE,Atendimento,36321,Detrator
SRV-004041,2025-08-19,9,ES,Atendimento,34082,Promotor
SRV-004042,2025-11-04,9,PR,Preço,50131,Promotor
SRV-004043,2025-05-26,10,MT,Tempo de Entrega,81493,Promotor
SRV-004044,2025-07-26,1,BA,Variedade,14210,Detrator
SRV-004045,2025-05-26,8,SP,Qualidade do Produto,74586,Neutro
SRV-004046,2025-06-01,0,SP,Preço,93605,Detrator
SRV-004047,2025-10-06,10,PE,Variedade,44851,Promotor
SRV-004048,2025-05-20,9,PE,Variedade,36865,Promotor
SRV-004049,2025-05-31,5,ES,Atendimento,93606,Detrator
SRV-004050,2025-01-21,8,GO,Qualidade do Produto,14158,Neutro
SRV-004051,2025-09-11,0,RJ,Preço,67852,Detrator
SRV-004052,2025-03-05,3,GO,Atendimento,59339,Detrator
SRV-004053,2025-08-06,3,PE,Atendimento,30572,Detrator
SRV-004054,2025-03-13,8,AM,Tempo de Entrega,14100,Neutro
SRV-004055,2025-06-11,10,ES,Variedade,54469,Promotor
SRV-004056,2025-05-10,4,SC,Preço,91061,Detrator
SRV-004057,2025-03-10,4,MS,Preço,70861,Detrator
SRV-004058,2025-08-13,5,SP,Preço,28456,Detrator
SRV-004059,2025-09-03,0,MS,Atendimento,65803,Detrator
SRV-004060,2025-03-09,0,PE,Tempo de Entrega,75633,Detrator
SRV-004061,2025-04-17,8,PR,Qualidade do Produto,85019,Neutro
SRV-004062,2025-04-19,2,PA,Atendimento,46232,Detrator
SRV-004063,2025-11-24,3,MG,Qualidade do Produto,77323,Detrator
SRV-004064,2025-04-13,0,ES,Tempo de Entrega,31788,Detrator
SRV-004065,2025-05-21,8,SP,Variedade,26092,Neutro
SRV-004066,2025-03-06,7,AM,Preço,11132,Neutro
SRV-004067,2025-05-14,1,PE,Qualidade do Produto,87850,Detrator
SRV-004068,2025-07-18,7,AM,Atendimento,98118,Neutro
SRV-004069,2025-06-04,6,BA,Qualidade do Produto,23068,Detrator
SRV-004070,2025-03-20,10,ES,Variedade,57401,Promotor
SRV-004071,2025-09-07,5,RJ,Preço,58526,Detrator
SRV-004072,2025-03-28,0,AM,Qualidade do Produto,68958,Detrator
SRV-004073,2025-10-31,6,PE,Variedade,86593,Detrator
SRV-004074,2025-08-29,9,ES,Atendimento,65041,Promotor
SRV-004075,2025-03-29,6,PE,Tempo de Entrega,73372,Detrator
SRV-004076,2025-11-20,8,CE,Atendimento,77562,Neutro
SRV-004077,2025-06-21,0,MG,Preço,74046,Detrator
SRV-004078,2025-12-23,1,RS,Atendimento,78086,Detrator
SRV-004079,2025-01-17,10,RS,Atendimento,17089,Promotor
SRV-004080,2025-08-11,8,CE,Atendimento,26623,Neutro
SRV-004081,2025-10-21,8,GO,Atendimento,59641,Neutro
SRV-004082,2025-11-06,5,ES,Preço,22043,Detrator
SRV-004083,2025-08-07,5,RJ,Variedade,76572,Detrator
SRV-004084,2025-08-22,3,MT,Qualidade do Produto,74136,Detrator
SRV-004085,2025-09-05,3,PE,Tempo de Entrega,98052,Detrator
SRV-004086,2025-02-21,4,ES,Qualidade do Produto,96700,Detrator
SRV-004087,2025-01-15,2,BA,Qualidade do Produto,67061,Detrator
SRV-004088,2025-11-20,0,AM,Tempo de Entrega,16122,Detrator
SRV-004089,2025-04-22,0,RJ,Preço,57346,Detrator
SRV-004090,2025-07-03,6,BA,Tempo de Entrega,26150,Detrator
SRV-004091,2025-12-26,0,MT,Preço,97630,Detrator
SRV-004092,2025-01-07,0,CE,Qualidade do Produto,87228,Detrator
SRV-004093,2025-02-20,2,PR,Preço,22054,Detrator
SRV-004094,2025-11-10,9,RS,Variedade,11767,Promotor
SRV-004095,2025-08-29,3,RS,Tempo de Entrega,14708,Detrator
SRV-004096,2025-09-02,3,MS,Variedade,67999,Detrator
SRV-004097,2025-12-31,1,PE,Qualidade do Produto,62158,Detrator
SRV-004098,2025-07-05,0,MG,Tempo de Entrega,39292,Detrator
SRV-004099,2025-10-14,2,CE,Qualidade do Produto,38082,Detrator
SRV-004100,2025-04-02,10,ES,Variedade,44024,Promotor
SRV-004101,2025-04-16,3,CE,Qualidade do Produto,33461,Detrator
SRV-004102,2025-01-13,2,ES,Tempo de Entrega,15351,Detrator
SRV-004103,2025-05-26,7,PA,Tempo de Entrega,57031,Neutro
SRV-004104,2025-04-29,9,GO,Qualidade do Produto,92628,Promotor
SRV-004105,2025-07-22,0,CE,Tempo de Entrega,49718,Detrator
SRV-004106,2025-05-21,1,PR,Tempo de Entrega,22777,Detrator
SRV-004107,2025-04-25,6,AM,Qualidade do Produto,99856,Detrator
SRV-004108,2025-06-01,3,SC,Variedade,18308,Detrator
SRV-004109,2025-02-26,7,PA,Tempo de Entrega,53441,Neutro
SRV-004110,2025-06-06,10,MG,Tempo de Entrega,90865,Promotor
SRV-004111,2025-11-06,2,GO,Tempo de Entrega,23882,Detrator
SRV-004112,2025-05-13,5,ES,Tempo de Entrega,14714,Detrator
SRV-004113,2025-06-12,8,MG,Qualidade do Produto,53432,Neutro
SRV-004114,2025-10-02,0,RJ,Variedade,91289,Detrator
SRV-004115,2025-07-02,0,CE,Variedade,90166,Detrator
SRV-004116,2025-03-18,7,MS,Preço,27658,Neutro
SRV-004117,2025-11-21,2,PE,Tempo de Entrega,79245,Detrator
SRV-004118,2025-02-13,4,SP,Tempo de Entrega,87027,Detrator
SRV-004119,2025-07-25,0,RJ,Preço,60808,Detrator
SRV-004120,2025-02-07,4,BA,Variedade,49530,Detrator
SRV-004121,2025-11-14,10,PA,Atendimento,18834,Promotor
SRV-004122,2025-01-22,5,RS,Atendimento,24358,Detrator
SRV-004123,2025-03-14,7,MS,Variedade,19872,Neutro
SRV-004124,2025-08-29,2,SP,Tempo de Entrega,68694,Detrator
SRV-004125,2025-06-03,2,PR,Atendimento,97193,Detrator
SRV-004126,2025-08-25,10,CE,Qualidade do Produto,60321,Promotor
SRV-004127,2025-01-05,10,SC,Qualidade do Produto,83709,Promotor
SRV-004128,2025-08-09,9,PR,Preço,26685,Promotor
SRV-004129,2025-11-06,8,ES,Variedade,21333,Neutro
SRV-004130,2025-03-27,3,AM,Variedade,21356,Detrator
SRV-004131,2025-06-26,3,GO,Atendimento,50584,Detrator
SRV-004132,2025-09-16,6,SP,Tempo de Entrega,61362,Detrator
SRV-004133,2025-08-08,1,RS,Variedade,21344,Detrator
SRV-004134,2025-02-07,7,PE,Atendimento,54619,Neutro
SRV-004135,2025-05-22,5,SC,Atendimento,91331,Detrator
SRV-004136,2025-08-23,2,MG,Variedade,11943,Detrator
SRV-004137,2025-07-22,8,PA,Atendimento,70217,Neutro
SRV-004138,2025-11-25,4,CE,Preço,31021,Detrator
SRV-004139,2025-10-21,7,AM,Preço,18348,Neutro
SRV-004140,2025-06-21,6,ES,Variedade,87286,Detrator
SRV-004141,2025-05-05,7,CE,Tempo de Entrega,80921,Neutro
SRV-004142,2025-11-22,6,PR,Preço,26639,Detrator
SRV-004143,2025-03-06,2,PA,Preço,95030,Detrator
SRV-004144,2025-10-08,1,MS,Variedade,74566,Detrator
SRV-004145,2025-09-29,6,MS,Qualidade do Produto,52011,Detrator
SRV-004146,2025-09-01,2,SP,Atendimento,28640,Detrator
SRV-004147,2025-01-15,2,PR,Preço,45402,Detrator
SRV-004148,2025-08-14,1,SP,Qualidade do Produto,75088,Detrator
SRV-004149,2025-05-11,3,PE,Tempo de Entrega,70240,Detrator
SRV-004150,2025-07-14,7,RS,Qualidade do Produto,11891,Neutro
SRV-004151,2025-10-20,0,MG,Variedade,38259,Detrator
SRV-004152,2025-07-28,0,PE,Tempo de Entrega,73021,Detrator
SRV-004153,2025-04-23,4,RJ,Tempo de Entrega,38987,Detrator
SRV-004154,2025-09-01,10,MS,Qualidade do Produto,62616,Promotor
SRV-004155,2025-06-15,4,RS,Variedade,20683,Detrator
SRV-004156,2025-07-10,10,PE,Preço,71083,Promotor
SRV-004157,2025-09-14,0,SC,Qualidade do Produto,19967,Detrator
SRV-004158,2025-11-23,5,CE,Preço,87664,Detrator
SRV-004159,2025-08-06,0,PR,Qualidade do Produto,50194,Detrator
SRV-004160,2025-12-25,4,MS,Preço,95873,Detrator
SRV-004161,2025-10-02,8,RS,Qualidade do Produto,72661,Neutro
SRV-004162,2025-02-21,4,AM,Tempo de Entrega,97738,Detrator
SRV-004163,2025-06-07,5,PA,Atendimento,82307,Detrator
SRV-004164,2025-12-29,7,PA,Tempo de Entrega,53452,Neutro
SRV-004165,2025-02-24,10,SC,Preço,22857,Promotor
SRV-004166,2025-01-14,0,PR,Variedade,41301,Detrator
SRV-004167,2025-09-26,1,AM,Tempo de Entrega,65900,Detrator
SRV-004168,2025-12-06,8,RJ,Atendimento,41460,Neutro
SRV-004169,2025-03-31,2,BA,Preço,96923,Detrator
SRV-004170,2025-01-27,5,PA,Tempo de Entrega,59800,Detrator
SRV-004171,2025-03-30,4,GO,Qualidade do Produto,19832,Detrator
SRV-004172,2025-02-10,10,RS,Variedade,57408,Promotor
SRV-004173,2025-10-31,1,SC,Preço,22626,Detrator
SRV-004174,2025-09-25,6,PR,Tempo de Entrega,67872,Detrator
SRV-004175,2025-05-18,3,PR,Preço,94021,Detrator
SRV-004176,2025-01-06,0,PE,Qualidade do Produto,88959,Detrator
SRV-004177,2025-08-30,3,SP,Atendimento,26802,Detrator
SRV-004178,2025-06-11,5,PE,Tempo de Entrega,26333,Detrator
SRV-004179,2025-06-29,6,SC,Preço,45120,Detrator
SRV-004180,2025-10-24,6,ES,Preço,32159,Detrator
SRV-004181,2025-01-06,6,CE,Preço,34660,Detrator
SRV-004182,2025-09-28,2,AM,Atendimento,66843,Detrator
SRV-004183,2025-09-29,5,RS,Preço,44519,Detrator
SRV-004184,2025-06-05,7,PE,Variedade,94577,Neutro
SRV-004185,2025-03-26,3,PR,Variedade,54935,Detrator
SRV-004186,2025-07-19,7,AM,Preço,32507,Neutro
SRV-004187,2025-01-10,1,PR,Variedade,81060,Detrator
SRV-004188,2025-05-18,9,BA,Tempo de Entrega,94271,Promotor
SRV-004189,2025-08-30,8,RS,Variedade,67223,Neutro
SRV-004190,2025-07-20,8,GO,Preço,37675,Neutro
SRV-004191,2025-06-05,7,GO,Qualidade do Produto,27673,Neutro
SRV-004192,2025-10-02,9,BA,Tempo de Entrega,45470,Promotor
SRV-004193,2025-08-13,9,MT,Atendimento,51603,Promotor
SRV-004194,2025-03-09,0,MS,Preço,94825,Detrator
SRV-004195,2025-07-03,1,CE,Atendimento,41230,Detrator
SRV-004196,2025-07-14,5,RJ,Qualidade do Produto,24542,Detrator
SRV-004197,2025-02-11,9,PE,Atendimento,71407,Promotor
SRV-004198,2025-05-31,4,MG,Preço,63821,Detrator
SRV-004199,2025-03-25,8,SC,Preço,45690,Neutro
SRV-004200,2025-05-14,4,SC,Qualidade do Produto,16654,Detrator
SRV-004201,2025-11-05,1,RJ,Preço,77557,Detrator
SRV-004202,2025-12-20,9,MS,Qualidade do Produto,95544,Promotor
SRV-004203,2025-10-25,3,GO,Qualidade do Produto,98264,Detrator
SRV-004204,2025-01-30,8,RS,Preço,99698,Neutro
SRV-004205,2025-01-09,0,PE,Variedade,37446,Detrator
SRV-004206,2025-06-19,10,MS,Qualidade do Produto,58484,Promotor
SRV-004207,2025-10-17,0,CE,Preço,54078,Detrator
SRV-004208,2025-06-17,6,MT,Variedade,14225,Detrator
SRV-004209,2025-12-10,10,SP,Qualidade do Produto,84745,Promotor
SRV-004210,2025-05-25,2,BA,Variedade,91259,Detrator
SRV-004211,2025-08-16,9,RJ,Tempo de Entrega,55487,Promotor
SRV-004212,2025-11-02,1,AM,Tempo de Entrega,78676,Detrator
SRV-004213,2025-03-17,8,SP,Variedade,21721,Neutro
SRV-004214,2025-08-11,2,BA,Qualidade do Produto,12587,Detrator
SRV-004215,2025-06-26,1,RJ,Preço,49437,Detrator
SRV-004216,2025-07-08,7,SC,Atendimento,28989,Neutro
SRV-004217,2025-10-29,9,PA,Preço,42726,Promotor
SRV-004218,2025-02-15,5,SC,Atendimento,80540,Detrator
SRV-004219,2025-01-17,5,PR,Atendimento,89837,Detrator
SRV-004220,2025-03-07,9,BA,Qualidade do Produto,51168,Promotor
SRV-004221,2025-12-26,10,MG,Variedade,74669,Promotor
SRV-004222,2025-09-18,6,GO,Preço,83040,Detrator
SRV-004223,2025-05-03,6,CE,Variedade,81616,Detrator
SRV-004224,2025-08-19,10,PA,Tempo de Entrega,17408,Promotor
SRV-004225,2025-05-05,5,ES,Qualidade do Produto,14153,Detrator
SRV-004226,2025-04-22,3,RS,Qualidade do Produto,21055,Detrator
SRV-004227,2025-09-29,10,PA,Tempo de Entrega,29760,Promotor
SRV-004228,2025-03-22,8,RS,Preço,27752,Neutro
SRV-004229,2025-09-03,5,GO,Tempo de Entrega,99729,Detrator
SRV-004230,2025-12-13,3,MS,Preço,13800,Detrator
SRV-004231,2025-11-24,2,AM,Atendimento,76573,Detrator
SRV-004232,2025-08-03,3,BA,Qualidade do Produto,40054,Detrator
SRV-004233,2025-12-18,2,RJ,Preço,71816,Detrator
SRV-004234,2025-08-23,1,MT,Variedade,36866,Detrator
SRV-004235,2025-03-23,4,MS,Variedade,10992,Detrator
SRV-004236,2025-10-21,1,RJ,Qualidade do Produto,33696,Detrator
SRV-004237,2025-11-06,5,ES,Tempo de Entrega,70282,Detrator
SRV-004238,2025-03-17,2,GO,Tempo de Entrega,83541,Detrator
SRV-004239,2025-01-15,5,CE,Preço,62838,Detrator
SRV-004240,2025-08-08,10,GO,Tempo de Entrega,39400,Promotor
SRV-004241,2025-08-18,9,PE,Qualidade do Produto,92277,Promotor
SRV-004242,2025-09-22,8,CE,Preço,27565,Neutro
SRV-004243,2025-09-21,0,MS,Atendimento,49585,Detrator
SRV-004244,2025-04-20,5,PE,Tempo de Entrega,44833,Detrator
SRV-004245,2025-11-03,8,GO,Tempo de Entrega,22094,Neutro
SRV-004246,2025-07-19,10,GO,Preço,41280,Promotor
SRV-004247,2025-08-14,3,ES,Variedade,56647,Detrator
SRV-004248,2025-07-04,10,PE,Tempo de Entrega,54378,Promotor
SRV-004249,2025-01-31,1,PA,Qualidade do Produto,29513,Detrator
SRV-004250,2025-04-12,3,AM,Tempo de Entrega,10154,Detrator
SRV-004251,2025-09-16,0,MG,Atendimento,38134,Detrator
SRV-004252,2025-04-09,2,MS,Tempo de Entrega,18678,Detrator
SRV-004253,2025-12-05,9,PR,Variedade,16294,Promotor
SRV-004254,2025-10-26,8,CE,Tempo de Entrega,19574,Neutro
SRV-004255,2025-10-12,9,PE,Preço,45183,Promotor
SRV-004256,2025-09-23,4,SC,Tempo de Entrega,58747,Detrator
SRV-004257,2025-05-20,10,MG,Variedade,76606,Promotor
SRV-004258,2025-10-29,5,CE,Preço,28638,Detrator
SRV-004259,2025-10-13,2,PE,Qualidade do Produto,67194,Detrator
SRV-004260,2025-12-16,4,SC,Preço,57553,Detrator
SRV-004261,2025-08-04,10,ES,Atendimento,36082,Promotor
SRV-004262,2025-02-01,7,AM,Preço,26306,Neutro
SRV-004263,2025-10-30,5,ES,Qualidade do Produto,17807,Detrator
SRV-004264,2025-03-29,3,BA,Tempo de Entrega,98760,Detrator
SRV-004265,2025-03-04,1,RS,Preço,61342,Detrator
SRV-004266,2025-10-06,8,SP,Preço,42143,Neutro
SRV-004267,2025-03-15,0,SC,Preço,68414,Detrator
SRV-004268,2025-11-02,0,BA,Preço,34715,Detrator
SRV-004269,2025-05-04,3,MG,Qualidade do Produto,72054,Detrator
SRV-004270,2025-09-26,6,AM,Variedade,82934,Detrator
SRV-004271,2025-10-12,0,PE,Variedade,22202,Detrator
SRV-004272,2025-05-01,8,CE,Preço,37987,Neutro
SRV-004273,2025-12-12,3,RJ,Qualidade do Produto,45740,Detrator
SRV-004274,2025-07-31,2,AM,Qualidade do Produto,86848,Detrator
SRV-004275,2025-05-28,0,SC,Preço,95890,Detrator
SRV-004276,2025-03-19,9,MS,Atendimento,63871,Promotor
SRV-004277,2025-12-31,3,SP,Preço,23627,Detrator
SRV-004278,2025-01-14,8,MS,Atendimento,61069,Neutro
SRV-004279,2025-05-16,9,MT,Preço,50409,Promotor
SRV-004280,2025-10-31,5,PA,Atendimento,90635,Detrator
SRV-004281,2025-10-07,5,RJ,Atendimento,71486,Detrator
SRV-004282,2025-03-20,0,GO,Preço,11611,Detrator
SRV-004283,2025-08-31,9,PR,Atendimento,41657,Promotor
SRV-004284,2025-07-12,1,SP,Tempo de Entrega,28462,Detrator
SRV-004285,2025-08-30,10,BA,Variedade,86309,Promotor
SRV-004286,2025-02-20,5,SP,Qualidade do Produto,99299,Detrator
SRV-004287,2025-08-20,1,GO,Atendimento,48547,Detrator
SRV-004288,2025-09-16,2,PE,Atendimento,39063,Detrator
SRV-004289,2025-08-06,3,CE,Qualidade do Produto,92273,Detrator
SRV-004290,2025-07-25,10,MT,Atendimento,89397,Promotor
SRV-004291,2025-11-10,4,MG,Qualidade do Produto,62788,Detrator
SRV-004292,2025-11-07,8,MS,Preço,52523,Neutro
SRV-004293,2025-04-30,3,RJ,Tempo de Entrega,40284,Detrator
SRV-004294,2025-03-21,10,PA,Tempo de Entrega,97964,Promotor
SRV-004295,2025-02-11,8,SP,Variedade,73996,Neutro
SRV-004296,2025-01-21,10,PE,Atendimento,76247,Promotor
SRV-004297,2025-01-10,9,PA,Variedade,23706,Promotor
SRV-004298,2025-11-09,2,ES,Preço,20924,Detrator
SRV-004299,2025-06-02,7,MS,Tempo de Entrega,25921,Neutro
SRV-004300,2025-11-08,0,SP,Preço,35432,Detrator
SRV-004301,2025-10-21,10,SP,Preço,27813,Promotor
SRV-004302,2025-03-27,8,RS,Atendimento,75250,Neutro
SRV-004303,2025-04-23,8,RJ,Preço,78956,Neutro
SRV-004304,2025-07-08,9,RS,Tempo de Entrega,12068,Promotor
SRV-004305,2025-04-22,1,MS,Variedade,49927,Detrator
SRV-004306,2025-06-24,3,PA,Tempo de Entrega,80342,Detrator
SRV-004307,2025-11-06,7,RS,Atendimento,40539,Neutro
SRV-004308,2025-10-29,6,PA,Tempo de Entrega,21683,Detrator
SRV-004309,2025-01-04,0,CE,Qualidade do Produto,95151,Detrator
SRV-004310,2025-08-10,4,AM,Variedade,45674,Detrator
SRV-004311,2025-08-09,6,PE,Qualidade do Produto,62703,Detrator
SRV-004312,2025-06-20,3,GO,Qualidade do Produto,68810,Detrator
SRV-004313,2025-11-14,0,RS,Atendimento,96111,Detrator
SRV-004314,2025-08-01,8,GO,Preço,95343,Neutro
SRV-004315,2025-09-10,4,AM,Qualidade do Produto,95977,Detrator
SRV-004316,2025-05-04,10,SP,Tempo de Entrega,97114,Promotor
SRV-004317,2025-05-08,1,MS,Preço,21117,Detrator
SRV-004318,2025-08-01,7,GO,Tempo de Entrega,13665,Neutro
SRV-004319,2025-04-22,10,BA,Tempo de Entrega,54390,Promotor
SRV-004320,2025-03-26,1,BA,Preço,84884,Detrator
SRV-004321,2025-01-04,2,ES,Preço,73887,Detrator
SRV-004322,2025-03-06,9,GO,Tempo de Entrega,58266,Promotor
SRV-004323,2025-11-14,0,BA,Atendimento,65541,Detrator
SRV-004324,2025-12-12,10,ES,Variedade,74802,Promotor
SRV-004325,2025-04-30,1,PA,Variedade,17882,Detrator
SRV-004326,2025-08-31,6,BA,Atendimento,80825,Detrator
SRV-004327,2025-05-17,9,PR,Preço,23910,Promotor
SRV-004328,2025-09-04,1,ES,Tempo de Entrega,50566,Detrator
SRV-004329,2025-02-14,5,SC,Variedade,73073,Detrator
SRV-004330,2025-05-26,2,RJ,Tempo de Entrega,46176,Detrator
SRV-004331,2025-06-25,3,MS,Atendimento,93081,Detrator
SRV-004332,2025-02-11,10,RJ,Tempo de Entrega,40289,Promotor
SRV-004333,2025-10-24,7,RJ,Atendimento,60411,Neutro
SRV-004334,2025-03-30,2,PE,Preço,79626,Detrator
SRV-004335,2025-08-06,9,PA,Atendimento,25362,Promotor
SRV-004336,2025-08-16,5,AM,Atendimento,97610,Detrator
SRV-004337,2025-10-25,0,CE,Variedade,23783,Detrator
SRV-004338,2025-10-18,6,MG,Tempo de Entrega,54162,Detrator
SRV-004339,2025-03-08,7,PA,Variedade,45749,Neutro
SRV-004340,2025-09-08,10,CE,Qualidade do Produto,13554,Promotor
SRV-004341,2025-02-10,7,ES,Atendimento,68568,Neutro
SRV-004342,2025-04-09,2,CE,Qualidade do Produto,28773,Detrator
SRV-004343,2025-11-02,9,MS,Variedade,83694,Promotor
SRV-004344,2025-12-26,0,BA,Tempo de Entrega,76550,Detrator
SRV-004345,2025-12-08,8,ES,Variedade,56295,Neutro
SRV-004346,2025-03-20,5,MT,Tempo de Entrega,40331,Detrator
SRV-004347,2025-10-28,10,CE,Tempo de Entrega,55640,Promotor
SRV-004348,2025-07-18,8,CE,Preço,74877,Neutro
SRV-004349,2025-05-27,6,GO,Atendimento,56969,Detrator
SRV-004350,2025-04-16,0,RS,Variedade,52986,Detrator
SRV-004351,2025-07-12,0,PR,Tempo de Entrega,17585,Detrator
SRV-004352,2025-05-02,5,PE,Variedade,14122,Detrator
SRV-004353,2025-03-18,4,ES,Variedade,26838,Detrator
SRV-004354,2025-11-08,8,MG,Tempo de Entrega,27301,Neutro
SRV-004355,2025-04-22,1,GO,Qualidade do Produto,33107,Detrator
SRV-004356,2025-12-15,7,RJ,Atendimento,67357,Neutro
SRV-004357,2025-10-24,10,SP,Atendimento,98161,Promotor
SRV-004358,2025-06-19,4,MT,Preço,65211,Detrator
SRV-004359,2025-01-06,1,SC,Preço,76025,Detrator
SRV-004360,2025-07-16,9,CE,Preço,76520,Promotor
SRV-004361,2025-04-08,10,RJ,Atendimento,27344,Promotor
SRV-004362,2025-11-25,10,BA,Qualidade do Produto,67202,Promotor
SRV-004363,2025-08-18,5,SC,Atendimento,24959,Detrator
SRV-004364,2025-06-17,9,MS,Atendimento,48751,Promotor
SRV-004365,2025-10-24,7,MS,Atendimento,11869,Neutro
SRV-004366,2025-09-22,3,PR,Atendimento,54264,Detrator
SRV-004367,2025-01-08,1,GO,Qualidade do Produto,40268,Detrator
SRV-004368,2025-06-21,10,RJ,Preço,94564,Promotor
SRV-004369,2025-12-26,4,RS,Variedade,49606,Detrator
SRV-004370,2025-07-14,1,RJ,Preço,23550,Detrator
SRV-004371,2025-09-26,1,GO,Preço,15702,Detrator
SRV-004372,2025-01-19,5,AM,Variedade,88563,Detrator
SRV-004373,2025-12-20,10,PR,Atendimento,71745,Promotor
SRV-004374,2025-12-18,9,RJ,Qualidade do Produto,34459,Promotor
SRV-004375,2025-02-18,8,MT,Qualidade do Produto,66782,Neutro
SRV-004376,2025-12-22,3,CE,Preço,97822,Detrator
SRV-004377,2025-12-04,5,MT,Variedade,16032,Detrator
SRV-004378,2025-06-07,6,MT,Tempo de Entrega,11825,Detrator
SRV-004379,2025-03-07,10,RJ,Atendimento,87090,Promotor
SRV-004380,2025-12-13,5,PA,Preço,58101,Detrator
SRV-004381,2025-02-28,7,RS,Qualidade do Produto,70109,Neutro
SRV-004382,2025-11-05,3,PE,Variedade,22470,Detrator
SRV-004383,2025-11-04,0,PR,Variedade,13770,Detrator
SRV-004384,2025-12-03,6,RS,Preço,37268,Detrator
SRV-004385,2025-06-08,2,ES,Tempo de Entrega,10029,Detrator
SRV-004386,2025-09-28,5,RJ,Qualidade do Produto,40083,Detrator
SRV-004387,2025-05-01,1,MG,Preço,18958,Detrator
SRV-004388,2025-09-11,8,RJ,Tempo de Entrega,18806,Neutro
SRV-004389,2025-09-18,0,PR,Variedade,42162,Detrator
SRV-004390,2025-05-15,5,SC,Atendimento,84732,Detrator
SRV-004391,2025-10-01,5,PA,Qualidade do Produto,44889,Detrator
SRV-004392,2025-02-25,4,PA,Qualidade do Produto,37702,Detrator
SRV-004393,2025-11-27,4,RS,Tempo de Entrega,45777,Detrator
SRV-004394,2025-04-06,0,MG,Preço,62971,Detrator
SRV-004395,2025-04-24,9,ES,Variedade,17739,Promotor
SRV-004396,2025-12-23,4,BA,Tempo de Entrega,34599,Detrator
SRV-004397,2025-01-28,1,ES,Atendimento,46827,Detrator
SRV-004398,2025-11-02,6,RS,Atendimento,86821,Detrator
SRV-004399,2025-01-02,2,MS,Atendimento,78446,Detrator
SRV-004400,2025-07-31,3,SC,Tempo de Entrega,90210,Detrator
SRV-004401,2025-03-09,2,RS,Variedade,93890,Detrator
SRV-004402,2025-05-08,2,SP,Qualidade do Produto,33039,Detrator
SRV-004403,2025-11-29,3,MG,Preço,54929,Detrator
SRV-004404,2025-01-24,4,SC,Qualidade do Produto,53884,Detrator
SRV-004405,2025-09-10,0,MG,Variedade,35146,Detrator
SRV-004406,2025-08-18,3,PA,Qualidade do Produto,55819,Detrator
SRV-004407,2025-06-25,10,AM,Tempo de Entrega,93162,Promotor
SRV-004408,2025-08-09,7,PA,Atendimento,92632,Neutro
SRV-004409,2025-02-05,9,AM,Variedade,41308,Promotor
SRV-004410,2025-01-02,6,RS,Variedade,23054,Detrator
SRV-004411,2025-12-27,8,PE,Qualidade do Produto,89606,Neutro
SRV-004412,2025-10-01,4,MG,Tempo de Entrega,62018,Detrator
SRV-004413,2025-06-26,9,AM,Qualidade do Produto,36250,Promotor
SRV-004414,2025-09-21,3,SP,Qualidade do Produto,24413,Detrator
SRV-004415,2025-07-05,7,CE,Variedade,87391,Neutro
SRV-004416,2025-01-15,8,PA,Qualidade do Produto,48921,Neutro
SRV-004417,2025-10-06,6,GO,Atendimento,81123,Detrator
SRV-004418,2025-07-13,6,SC,Qualidade do Produto,84363,Detrator
SRV-004419,2025-07-17,4,MS,Atendimento,35785,Detrator
SRV-004420,2025-12-15,3,SP,Variedade,66865,Detrator
SRV-004421,2025-11-01,9,SP,Tempo de Entrega,16861,Promotor
SRV-004422,2025-03-05,0,AM,Atendimento,86340,Detrator
SRV-004423,2025-10-17,9,BA,Tempo de Entrega,23979,Promotor
SRV-004424,2025-01-18,9,PE,Tempo de Entrega,76833,Promotor
SRV-004425,2025-03-05,6,RJ,Atendimento,10357,Detrator
SRV-004426,2025-12-28,0,PE,Variedade,57201,Detrator
SRV-004427,2025-11-26,0,PR,Preço,64254,Detrator
SRV-004428,2025-12-24,4,GO,Tempo de Entrega,92160,Detrator
SRV-004429,2025-09-08,8,BA,Tempo de Entrega,20796,Neutro
SRV-004430,2025-01-17,5,RS,Variedade,33238,Detrator
SRV-004431,2025-05-21,2,RS,Variedade,60978,Detrator
SRV-004432,2025-11-04,2,ES,Qualidade do Produto,50883,Detrator
SRV-004433,2025-11-16,6,RJ,Variedade,95478,Detrator
SRV-004434,2025-09-02,5,PR,Tempo de Entrega,79396,Detrator
SRV-004435,2025-10-17,8,AM,Atendimento,14447,Neutro
SRV-004436,2025-12-17,5,MT,Preço,30523,Detrator
SRV-004437,2025-03-28,4,MT,Qualidade do Produto,74079,Detrator
SRV-004438,2025-07-18,9,MG,Atendimento,74823,Promotor
SRV-004439,2025-12-24,6,PA,Preço,59289,Detrator
SRV-004440,2025-06-10,0,AM,Preço,14849,Detrator
SRV-004441,2025-05-20,6,PE,Preço,34718,Detrator
SRV-004442,2025-03-17,2,SC,Atendimento,97862,Detrator
SRV-004443,2025-01-19,8,SP,Qualidade do Produto,83002,Neutro
SRV-004444,2025-11-26,5,MG,Qualidade do Produto,70977,Detrator
SRV-004445,2025-02-19,8,MS,Preço,98325,Neutro
SRV-004446,2025-08-20,4,ES,Atendimento,37135,Detrator
SRV-004447,2025-10-22,6,PE,Preço,40262,Detrator
SRV-004448,2025-01-12,3,MT,Variedade,99971,Detrator
SRV-004449,2025-12-01,6,SC,Qualidade do Produto,44787,Detrator
SRV-004450,2025-01-15,0,ES,Tempo de Entrega,25689,Detrator
SRV-004451,2025-01-28,6,SP,Preço,49860,Detrator
SRV-004452,2025-10-19,7,BA,Variedade,60344,Neutro
SRV-004453,2025-11-17,4,AM,Qualidade do Produto,77891,Detrator
SRV-004454,2025-09-07,1,MT,Atendimento,61658,Detrator
SRV-004455,2025-04-08,4,RJ,Qualidade do Produto,75869,Detrator
SRV-004456,2025-10-30,5,MT,Atendimento,45330,Detrator
SRV-004457,2025-12-03,1,PA,Atendimento,90312,Detrator
SRV-004458,2025-02-08,5,MT,Preço,70064,Detrator
SRV-004459,2025-02-07,5,BA,Preço,37014,Detrator
SRV-004460,2025-10-27,0,SC,Qualidade do Produto,44563,Detrator
SRV-004461,2025-06-28,0,BA,Variedade,25270,Detrator
SRV-004462,2025-04-07,10,SC,Qualidade do Produto,41279,Promotor
SRV-004463,2025-10-09,9,PR,Tempo de Entrega,13657,Promotor
SRV-004464,2025-08-26,2,PR,Atendimento,99422,Detrator
SRV-004465,2025-06-13,9,AM,Atendimento,78773,Promotor
SRV-004466,2025-04-07,9,AM,Preço,11027,Promotor
SRV-004467,2025-09-14,2,CE,Variedade,24199,Detrator
SRV-004468,2025-11-05,3,CE,Preço,54954,Detrator
SRV-004469,2025-09-19,1,MT,Tempo de Entrega,89317,Detrator
SRV-004470,2025-10-20,8,BA,Qualidade do Produto,25120,Neutro
SRV-004471,2025-09-15,9,RS,Qualidade do Produto,66812,Promotor
SRV-004472,2025-09-06,10,BA,Variedade,99825,Promotor
SRV-004473,2025-09-02,6,MS,Preço,15983,Detrator
SRV-004474,2025-09-08,6,BA,Preço,76629,Detrator
SRV-004475,2025-05-03,5,RS,Tempo de Entrega,80325,Detrator
SRV-004476,2025-11-21,2,RJ,Qualidade do Produto,12912,Detrator
SRV-004477,2025-06-18,5,MT,Preço,57879,Detrator
SRV-004478,2025-06-24,7,PA,Variedade,31873,Neutro
SRV-004479,2025-09-26,7,PE,Qualidade do Produto,24332,Neutro
SRV-004480,2025-07-23,10,GO,Tempo de Entrega,26564,Promotor
SRV-004481,2025-11-21,8,RS,Variedade,87795,Neutro
SRV-004482,2025-03-07,0,MS,Atendimento,30526,Detrator
SRV-004483,2025-11-11,0,MT,Tempo de Entrega,75481,Detrator
SRV-004484,2025-11-20,2,PA,Variedade,62775,Detrator
SRV-004485,2025-02-28,2,SC,Preço,96649,Detrator
SRV-004486,2025-08-07,9,PE,Atendimento,26006,Promotor
SRV-004487,2025-09-23,7,GO,Tempo de Entrega,31643,Neutro
SRV-004488,2025-05-21,9,SP,Preço,99949,Promotor
SRV-004489,2025-08-24,0,MT,Atendimento,73128,Detrator
SRV-004490,2025-08-06,1,RJ,Qualidade do Produto,52523,Detrator
SRV-004491,2025-01-15,1,GO,Preço,80220,Detrator
SRV-004492,2025-10-29,2,SP,Variedade,83390,Detrator
SRV-004493,2025-05-18,5,CE,Tempo de Entrega,62784,Detrator
SRV-004494,2025-08-20,0,MS,Atendimento,97893,Detrator
SRV-004495,2025-03-30,1,MG,Preço,69701,Detrator
SRV-004496,2025-03-18,0,MT,Qualidade do Produto,27946,Detrator
SRV-004497,2025-05-16,4,PR,Tempo de Entrega,23127,Detrator
SRV-004498,2025-04-20,6,SP,Tempo de Entrega,39404,Detrator
SRV-004499,2025-12-19,7,ES,Preço,98424,Neutro
SRV-004500,2025-10-28,9,AM,Qualidade do Produto,27401,Promotor
SRV-004501,2025-04-01,0,GO,Atendimento,25428,Detrator
SRV-004502,2025-07-09,6,BA,Preço,74372,Detrator
SRV-004503,2025-03-14,4,SC,Atendimento,21971,Detrator
SRV-004504,2025-06-22,9,GO,Tempo de Entrega,98018,Promotor
SRV-004505,2025-02-04,0,SP,Atendimento,95504,Detrator
SRV-004506,2025-07-29,2,MS,Qualidade do Produto,26565,Detrator
SRV-004507,2025-10-25,6,SP,Variedade,16829,Detrator
SRV-004508,2025-05-13,9,MG,Qualidade do Produto,86023,Promotor
SRV-004509,2025-10-10,0,AM,Atendimento,45435,Detrator
SRV-004510,2025-07-17,6,CE,Preço,91823,Detrator
SRV-004511,2025-02-01,4,PA,Tempo de Entrega,48941,Detrator
SRV-004512,2025-05-16,0,BA,Variedade,52459,Detrator
SRV-004513,2025-09-05,0,MT,Preço,57976,Detrator
SRV-004514,2025-12-25,0,MT,Preço,89199,Detrator
SRV-004515,2025-12-07,10,AM,Qualidade do Produto,19176,Promotor
SRV-004516,2025-05-26,8,BA,Atendimento,61516,Neutro
SRV-004517,2025-11-30,10,GO,Qualidade do Produto,25072,Promotor
SRV-004518,2025-05-23,2,MG,Atendimento,81052,Detrator
SRV-004519,2025-08-22,4,RS,Qualidade do Produto,29689,Detrator
SRV-004520,2025-02-13,10,MS,Preço,28599,Promotor
SRV-004521,2025-02-01,9,MG,Tempo de Entrega,92045,Promotor
SRV-004522,2025-08-19,8,ES,Atendimento,45388,Neutro
SRV-004523,2025-01-28,5,PE,Variedade,60603,Detrator
SRV-004524,2025-06-09,8,GO,Variedade,84736,Neutro
SRV-004525,2025-11-29,7,ES,Preço,35789,Neutro
SRV-004526,2025-07-26,7,MG,Qualidade do Produto,87432,Neutro
SRV-004527,2025-01-18,0,PR,Qualidade do Produto,97467,Detrator
SRV-004528,2025-04-13,8,RS,Preço,98623,Neutro
SRV-004529,2025-03-11,5,PR,Variedade,99289,Detrator
SRV-004530,2025-04-29,8,ES,Variedade,62282,Neutro
SRV-004531,2025-05-19,2,BA,Qualidade do Produto,43464,Detrator
SRV-004532,2025-06-09,2,ES,Atendimento,77806,Detrator
SRV-004533,2025-08-20,5,RJ,Tempo de Entrega,51994,Detrator
SRV-004534,2025-05-28,8,CE,Atendimento,91596,Neutro
SRV-004535,2025-12-19,6,GO,Variedade,35594,Detrator
SRV-004536,2025-08-31,2,AM,Atendimento,62563,Detrator
SRV-004537,2025-02-04,2,SC,Tempo de Entrega,90352,Detrator
SRV-004538,2025-11-21,1,RJ,Atendimento,96840,Detrator
SRV-004539,2025-12-21,8,MG,Atendimento,38386,Neutro
SRV-004540,2025-08-27,2,SP,Atendimento,76652,Detrator
SRV-004541,2025-11-30,10,PR,Atendimento,27540,Promotor
SRV-004542,2025-05-29,4,PE,Preço,43756,Detrator
SRV-004543,2025-04-21,8,RJ,Variedade,53426,Neutro
SRV-004544,2025-01-17,7,MS,Tempo de Entrega,15587,Neutro
SRV-004545,2025-08-14,1,RS,Variedade,93748,Detrator
SRV-004546,2025-05-20,2,PR,Preço,91339,Detrator
SRV-004547,2025-05-24,1,RJ,Preço,99792,Detrator
SRV-004548,2025-09-17,7,BA,Preço,59039,Neutro
SRV-004549,2025-08-05,5,MT,Preço,20269,Detrator
SRV-004550,2025-06-11,5,PA,Atendimento,16088,Detrator
SRV-004551,2025-04-02,8,GO,Variedade,52044,Neutro
SRV-004552,2025-06-23,7,GO,Qualidade do Produto,37081,Neutro
SRV-004553,2025-11-27,3,SC,Tempo de Entrega,71388,Detrator
SRV-004554,2025-07-24,3,ES,Preço,20543,Detrator
SRV-004555,2025-06-02,8,GO,Variedade,13005,Neutro
SRV-004556,2025-04-13,0,ES,Preço,47203,Detrator
SRV-004557,2025-07-21,1,RJ,Preço,26220,Detrator
SRV-004558,2025-10-07,1,MG,Preço,42696,Detrator
SRV-004559,2025-03-06,5,PA,Preço,89683,Detrator
SRV-004560,2025-04-27,3,RS,Preço,56381,Detrator
SRV-004561,2025-06-02,10,MG,Tempo de Entrega,57984,Promotor
SRV-004562,2025-06-05,9,GO,Variedade,10076,Promotor
SRV-004563,2025-06-13,2,PR,Preço,28946,Detrator
SRV-004564,2025-03-23,2,CE,Preço,93492,Detrator
SRV-004565,2025-01-06,2,SC,Preço,33471,Detrator
SRV-004566,2025-11-18,5,SC,Preço,71531,Detrator
SRV-004567,2025-03-08,7,AM,Atendimento,48738,Neutro
SRV-004568,2025-08-26,10,ES,Atendimento,50720,Promotor
SRV-004569,2025-03-13,6,SC,Qualidade do Produto,34440,Detrator
SRV-004570,2025-04-05,3,MG,Preço,21862,Detrator
SRV-004571,2025-10-31,10,RS,Qualidade do Produto,78273,Promotor
SRV-004572,2025-11-22,3,RS,Tempo de Entrega,31788,Detrator
SRV-004573,2025-03-19,10,ES,Qualidade do Produto,35522,Promotor
SRV-004574,2025-03-08,9,RJ,Variedade,80185,Promotor
SRV-004575,2025-06-25,10,MT,Atendimento,79404,Promotor
SRV-004576,2025-11-17,10,RS,Atendimento,62289,Promotor
SRV-004577,2025-06-21,10,MG,Preço,17824,Promotor
SRV-004578,2025-09-12,1,PA,Preço,17799,Detrator
SRV-004579,2025-03-04,0,SP,Tempo de Entrega,95406,Detrator
SRV-004580,2025-10-29,8,RJ,Tempo de Entrega,55147,Neutro
SRV-004581,2025-09-03,1,CE,Variedade,92922,Detrator
SRV-004582,2025-07-11,7,PE,Preço,18614,Neutro
SRV-004583,2025-11-25,8,MS,Preço,35147,Neutro
SRV-004584,2025-03-12,3,PA,Tempo de Entrega,86637,Detrator
SRV-004585,2025-08-17,7,BA,Tempo de Entrega,30914,Neutro
SRV-004586,2025-03-04,8,PA,Tempo de Entrega,73699,Neutro
SRV-004587,2025-10-24,9,PA,Atendimento,19615,Promotor
SRV-004588,2025-09-02,9,AM,Qualidade do Produto,60785,Promotor
SRV-004589,2025-01-07,4,SC,Qualidade do Produto,98589,Detrator
SRV-004590,2025-09-17,6,AM,Preço,67811,Detrator
SRV-004591,2025-03-30,9,SC,Atendimento,89017,Promotor
SRV-004592,2025-06-26,3,AM,Tempo de Entrega,56898,Detrator
SRV-004593,2025-07-23,0,SP,Preço,65505,Detrator
SRV-004594,2025-05-14,2,RJ,Atendimento,86031,Detrator
SRV-004595,2025-03-23,4,ES,Variedade,10146,Detrator
SRV-004596,2025-01-21,2,MG,Atendimento,50275,Detrator
SRV-004597,2025-05-08,10,AM,Preço,25977,Promotor
SRV-004598,2025-07-14,6,SP,Qualidade do Produto,51565,Detrator
SRV-004599,2025-07-13,8,BA,Tempo de Entrega,43945,Neutro
SRV-004600,2025-07-03,5,RS,Variedade,12594,Detrator
SRV-004601,2025-09-04,9,ES,Atendimento,86610,Promotor
SRV-004602,2025-12-27,0,MS,Preço,67655,Detrator
SRV-004603,2025-12-26,6,MS,Preço,37431,Detrator
SRV-004604,2025-11-20,2,PE,Tempo de Entrega,92684,Detrator
SRV-004605,2025-06-09,4,MT,Preço,98197,Detrator
SRV-004606,2025-07-13,9,AM,Preço,37571,Promotor
SRV-004607,2025-04-20,3,ES,Tempo de Entrega,75971,Detrator
SRV-004608,2025-03-07,9,SP,Variedade,71797,Promotor
SRV-004609,2025-09-11,4,PA,Qualidade do Produto,53937,Detrator
SRV-004610,2025-10-10,4,CE,Qualidade do Produto,69643,Detrator
SRV-004611,2025-03-01,5,PA,Atendimento,92054,Detrator
SRV-004612,2025-04-28,9,SP,Variedade,96538,Promotor
SRV-004613,2025-02-13,9,SP,Atendimento,70051,Promotor
SRV-004614,2025-07-29,10,SP,Qualidade do Produto,77902,Promotor
SRV-004615,2025-02-05,5,ES,Tempo de Entrega,87903,Detrator
SRV-004616,2025-01-19,7,SP,Preço,86990,Neutro
SRV-004617,2025-04-01,7,RJ,Qualidade do Produto,85204,Neutro
SRV-004618,2025-10-28,10,ES,Variedade,78951,Promotor
SRV-004619,2025-07-31,8,RS,Qualidade do Produto,85768,Neutro
SRV-004620,2025-08-10,7,RJ,Variedade,39039,Neutro
SRV-004621,2025-08-05,10,BA,Variedade,35568,Promotor
SRV-004622,2025-08-11,1,GO,Variedade,47459,Detrator
SRV-004623,2025-04-08,9,RS,Atendimento,17669,Promotor
SRV-004624,2025-01-19,10,PE,Tempo de Entrega,99749,Promotor
SRV-004625,2025-10-24,0,AM,Qualidade do Produto,93816,Detrator
SRV-004626,2025-01-26,9,SC,Tempo de Entrega,94985,Promotor
SRV-004627,2025-01-28,1,ES,Preço,45516,Detrator
SRV-004628,2025-03-05,1,SC,Qualidade do Produto,72484,Detrator
SRV-004629,2025-11-20,2,PA,Tempo de Entrega,98612,Detrator
SRV-004630,2025-08-11,9,ES,Tempo de Entrega,78197,Promotor
SRV-004631,2025-03-21,6,RS,Preço,33333,Detrator
SRV-004632,2025-02-20,1,PE,Variedade,98295,Detrator
SRV-004633,2025-04-12,0,MG,Qualidade do Produto,65611,Detrator
SRV-004634,2025-06-25,5,MG,Qualidade do Produto,57941,Detrator
SRV-004635,2025-01-10,8,RJ,Preço,48875,Neutro
SRV-004636,2025-08-25,2,SP,Variedade,22698,Detrator
SRV-004637,2025-04-10,5,AM,Qualidade do Produto,71826,Detrator
SRV-004638,2025-08-16,2,SP,Qualidade do Produto,41408,Detrator
SRV-004639,2025-03-05,0,GO,Qualidade do Produto,98421,Detrator
SRV-004640,2025-01-19,4,MG,Variedade,88845,Detrator
SRV-004641,2025-11-28,9,AM,Preço,25133,Promotor
SRV-004642,2025-11-14,10,RS,Qualidade do Produto,83746,Promotor
SRV-004643,2025-05-21,3,PA,Tempo de Entrega,46126,Detrator
SRV-004644,2025-01-25,6,MT,Variedade,43043,Detrator
SRV-004645,2025-08-16,5,PE,Atendimento,14078,Detrator
SRV-004646,2025-03-30,9,AM,Preço,63906,Promotor
SRV-004647,2025-04-02,6,RJ,Tempo de Entrega,21137,Detrator
SRV-004648,2025-02-11,4,RS,Qualidade do Produto,39350,Detrator
SRV-004649,2025-10-22,3,SP,Atendimento,14698,Detrator
SRV-004650,2025-03-22,6,RJ,Preço,43132,Detrator
SRV-004651,2025-04-17,6,SC,Variedade,20165,Detrator
SRV-004652,2025-04-21,5,MT,Atendimento,10794,Detrator
SRV-004653,2025-10-04,7,PR,Atendimento,23646,Neutro
SRV-004654,2025-08-02,3,BA,Tempo de Entrega,98715,Detrator
SRV-004655,2025-08-19,9,MS,Preço,15870,Promotor
SRV-004656,2025-11-02,4,MT,Tempo de Entrega,40736,Detrator
SRV-004657,2025-05-01,3,RJ,Tempo de Entrega,68084,Detrator
SRV-004658,2025-05-14,0,SP,Qualidade do Produto,26211,Detrator
SRV-004659,2025-11-02,7,RS,Variedade,96665,Neutro
SRV-004660,2025-07-27,0,SC,Atendimento,69538,Detrator
SRV-004661,2025-09-14,4,BA,Preço,17377,Detrator
SRV-004662,2025-07-04,5,MT,Variedade,18861,Detrator
SRV-004663,2025-10-13,5,PA,Variedade,27821,Detrator
SRV-004664,2025-12-29,4,PA,Preço,88488,Detrator
SRV-004665,2025-06-29,2,GO,Variedade,84583,Detrator
SRV-004666,2025-02-17,4,AM,Qualidade do Produto,36953,Detrator
SRV-004667,2025-03-28,7,BA,Variedade,46801,Neutro
SRV-004668,2025-01-19,1,RJ,Qualidade do Produto,28277,Detrator
SRV-004669,2025-02-15,5,AM,Atendimento,99439,Detrator
SRV-004670,2025-02-25,8,BA,Atendimento,93762,Neutro
SRV-004671,2025-08-17,7,SC,Tempo de Entrega,32628,Neutro
SRV-004672,2025-05-25,10,PE,Qualidade do Produto,92246,Promotor
SRV-004673,2025-04-02,7,MS,Atendimento,37802,Neutro
SRV-004674,2025-03-23,7,RS,Variedade,73497,Neutro
SRV-004675,2025-08-13,6,RJ,Preço,94320,Detrator
SRV-004676,2025-03-20,7,BA,Preço,79814,Neutro
SRV-004677,2025-05-30,5,PE,Qualidade do Produto,63702,Detrator
SRV-004678,2025-12-27,1,RS,Tempo de Entrega,38677,Detrator
SRV-004679,2025-10-10,1,ES,Variedade,17500,Detrator
SRV-004680,2025-11-07,7,PE,Qualidade do Produto,14015,Neutro
SRV-004681,2025-06-09,10,ES,Preço,97372,Promotor
SRV-004682,2025-11-12,0,MS,Qualidade do Produto,68812,Detrator
SRV-004683,2025-12-31,5,ES,Variedade,17826,Detrator
SRV-004684,2025-06-05,5,PE,Atendimento,19201,Detrator
SRV-004685,2025-06-05,10,AM,Variedade,39048,Promotor
SRV-004686,2025-07-21,3,BA,Atendimento,29941,Detrator
SRV-004687,2025-12-07,10,ES,Atendimento,90641,Promotor
SRV-004688,2025-12-08,10,AM,Atendimento,68418,Promotor
SRV-004689,2025-04-27,9,BA,Qualidade do Produto,75689,Promotor
SRV-004690,2025-06-03,2,PA,Preço,51541,Detrator
SRV-004691,2025-12-30,10,BA,Qualidade do Produto,59939,Promotor
SRV-004692,2025-11-27,2,RS,Preço,80422,Detrator
SRV-004693,2025-04-29,0,CE,Variedade,33950,Detrator
SRV-004694,2025-07-18,2,GO,Tempo de Entrega,77803,Detrator
SRV-004695,2025-09-20,3,SC,Variedade,30642,Detrator
SRV-004696,2025-07-03,10,BA,Qualidade do Produto,76506,Promotor
SRV-004697,2025-05-28,10,RS,Qualidade do Produto,51607,Promotor
SRV-004698,2025-06-15,4,PR,Preço,41288,Detrator
SRV-004699,2025-03-16,2,MS,Qualidade do Produto,92865,Detrator
SRV-004700,2025-08-24,5,GO,Atendimento,24450,Detrator
SRV-004701,2025-11-10,10,GO,Qualidade do Produto,15618,Promotor
SRV-004702,2025-09-29,4,ES,Preço,44263,Detrator
SRV-004703,2025-06-28,2,AM,Preço,77583,Detrator
SRV-004704,2025-10-10,5,MS,Atendimento,84900,Detrator
SRV-004705,2025-02-20,5,RJ,Preço,38794,Detrator
SRV-004706,2025-03-16,7,MT,Tempo de Entrega,23091,Neutro
SRV-004707,2025-05-24,1,BA,Variedade,78422,Detrator
SRV-004708,2025-12-09,0,PE,Qualidade do Produto,97108,Detrator
SRV-004709,2025-07-07,3,ES,Tempo de Entrega,25161,Detrator
SRV-004710,2025-05-03,6,ES,Qualidade do Produto,14158,Detrator
SRV-004711,2025-11-28,10,PR,Tempo de Entrega,37663,Promotor
SRV-004712,2025-09-08,9,RJ,Qualidade do Produto,95381,Promotor
SRV-004713,2025-10-23,2,RS,Atendimento,16733,Detrator
SRV-004714,2025-11-19,2,PA,Preço,42001,Detrator
SRV-004715,2025-05-10,4,PR,Preço,49128,Detrator
SRV-004716,2025-09-09,4,SC,Atendimento,59630,Detrator
SRV-004717,2025-12-24,9,ES,Tempo de Entrega,19329,Promotor
SRV-004718,2025-06-29,2,BA,Variedade,63105,Detrator
SRV-004719,2025-12-15,8,BA,Tempo de Entrega,73436,Neutro
SRV-004720,2025-04-20,3,MS,Preço,79579,Detrator
SRV-004721,2025-12-04,2,PR,Variedade,24242,Detrator
SRV-004722,2025-03-19,10,MS,Qualidade do Produto,37133,Promotor
SRV-004723,2025-01-02,1,SC,Variedade,34740,Detrator
SRV-004724,2025-11-17,9,MG,Tempo de Entrega,40976,Promotor
SRV-004725,2025-10-03,10,SP,Atendimento,50067,Promotor
SRV-004726,2025-10-17,8,PE,Qualidade do Produto,21231,Neutro
SRV-004727,2025-10-24,3,PE,Tempo de Entrega,76105,Detrator
SRV-004728,2025-06-18,2,MG,Qualidade do Produto,13328,Detrator
SRV-004729,2025-08-28,6,ES,Variedade,35261,Detrator
SRV-004730,2025-01-23,7,GO,Preço,35262,Neutro
SRV-004731,2025-10-21,10,RS,Tempo de Entrega,13280,Promotor
SRV-004732,2025-06-21,1,RJ,Atendimento,94683,Detrator
SRV-004733,2025-11-19,6,MS,Variedade,41742,Detrator
SRV-004734,2025-11-14,4,MG,Tempo de Entrega,13590,Detrator
SRV-004735,2025-10-13,10,SC,Atendimento,60226,Promotor
SRV-004736,2025-12-09,4,MT,Tempo de Entrega,97542,Detrator
SRV-004737,2025-07-12,2,BA,Variedade,23570,Detrator
SRV-004738,2025-06-18,4,PA,Tempo de Entrega,99443,Detrator
SRV-004739,2025-04-28,1,SP,Qualidade do Produto,19533,Detrator
SRV-004740,2025-01-06,3,ES,Variedade,92283,Detrator
SRV-004741,2025-11-27,5,PA,Tempo de Entrega,23366,Detrator
SRV-004742,2025-05-12,0,SP,Preço,86368,Detrator
SRV-004743,2025-04-03,9,RJ,Tempo de Entrega,38325,Promotor
SRV-004744,2025-09-08,3,BA,Qualidade do Produto,44798,Detrator
SRV-004745,2025-01-10,5,SC,Atendimento,49453,Detrator
SRV-004746,2025-02-20,8,PE,Atendimento,32849,Neutro
SRV-004747,2025-12-15,10,RJ,Atendimento,65943,Promotor
SRV-004748,2025-10-21,10,MG,Preço,16157,Promotor
SRV-004749,2025-05-09,1,PE,Qualidade do Produto,40178,Detrator
SRV-004750,2025-09-06,10,PE,Variedade,92537,Promotor
SRV-004751,2025-04-12,6,GO,Atendimento,39030,Detrator
SRV-004752,2025-12-03,5,SC,Qualidade do Produto,61134,Detrator
SRV-004753,2025-03-24,1,AM,Tempo de Entrega,75729,Detrator
SRV-004754,2025-07-10,7,PA,Preço,18164,Neutro
SRV-004755,2025-05-23,6,MG,Qualidade do Produto,96378,Detrator
SRV-004756,2025-08-25,10,PR,Qualidade do Produto,11119,Promotor
SRV-004757,2025-10-14,4,PA,Variedade,23351,Detrator
SRV-004758,2025-10-04,4,RJ,Qualidade do Produto,66063,Detrator
SRV-004759,2025-10-18,6,RS,Variedade,82076,Detrator
SRV-004760,2025-06-18,8,CE,Preço,55162,Neutro
SRV-004761,2025-05-24,10,MT,Preço,41760,Promotor
SRV-004762,2025-07-03,8,BA,Tempo de Entrega,59678,Neutro
SRV-004763,2025-02-14,8,SC,Variedade,99074,Neutro
SRV-004764,2025-08-31,5,BA,Variedade,57628,Detrator
SRV-004765,2025-11-11,9,RJ,Atendimento,50739,Promotor
SRV-004766,2025-09-25,5,MG,Atendimento,39738,Detrator
SRV-004767,2025-09-10,2,RS,Tempo de Entrega,56921,Detrator
SRV-004768,2025-10-16,0,CE,Preço,71068,Detrator
SRV-004769,2025-07-31,6,MS,Atendimento,33581,Detrator
SRV-004770,2025-06-26,3,SP,Qualidade do Produto,31485,Detrator
SRV-004771,2025-01-21,0,RS,Preço,46294,Detrator
SRV-004772,2025-11-12,7,SC,Qualidade do Produto,63001,Neutro
SRV-004773,2025-02-21,5,BA,Variedade,11634,Detrator
SRV-004774,2025-08-21,5,RS,Preço,53969,Detrator
SRV-004775,2025-05-03,1,ES,Tempo de Entrega,10093,Detrator
SRV-004776,2025-12-28,0,MG,Variedade,38370,Detrator
SRV-004777,2025-04-10,1,MG,Variedade,29750,Detrator
SRV-004778,2025-08-02,3,PA,Qualidade do Produto,26472,Detrator
SRV-004779,2025-11-23,1,ES,Variedade,28934,Detrator
SRV-004780,2025-05-15,0,PA,Atendimento,53774,Detrator
SRV-004781,2025-11-14,6,PE,Preço,98057,Detrator
SRV-004782,2025-08-06,10,PE,Atendimento,49125,Promotor
SRV-004783,2025-03-29,10,GO,Qualidade do Produto,76981,Promotor
SRV-004784,2025-10-07,7,RJ,Qualidade do Produto,96541,Neutro
SRV-004785,2025-02-09,5,PR,Preço,49103,Detrator
SRV-004786,2025-08-28,3,SP,Variedade,93750,Detrator
SRV-004787,2025-11-28,5,ES,Tempo de Entrega,70085,Detrator
SRV-004788,2025-05-16,2,RJ,Qualidade do Produto,98705,Detrator
SRV-004789,2025-07-01,7,BA,Preço,66543,Neutro
SRV-004790,2025-09-22,9,ES,Tempo de Entrega,26938,Promotor
SRV-004791,2025-09-16,1,PR,Variedade,87492,Detrator
SRV-004792,2025-07-01,4,MT,Qualidade do Produto,61586,Detrator
SRV-004793,2025-01-21,0,ES,Preço,68024,Detrator
SRV-004794,2025-12-17,5,PR,Preço,49687,Detrator
SRV-004795,2025-07-15,1,PR,Preço,81129,Detrator
SRV-004796,2025-07-31,3,PR,Qualidade do Produto,36207,Detrator
SRV-004797,2025-01-16,5,MT,Tempo de Entrega,59354,Detrator
SRV-004798,2025-07-21,9,MG,Preço,47310,Promotor
SRV-004799,2025-12-29,10,RS,Variedade,58960,Promotor
SRV-004800,2025-08-06,7,MG,Preço,71262,Neutro
SRV-004801,2025-04-03,7,RJ,Tempo de Entrega,23403,Neutro
SRV-004802,2025-05-13,10,MG,Qualidade do Produto,23065,Promotor
SRV-004803,2025-05-19,5,MT,Preço,99930,Detrator
SRV-004804,2025-06-06,3,MG,Preço,36801,Detrator
SRV-004805,2025-12-01,7,BA,Variedade,39230,Neutro
SRV-004806,2025-03-11,7,ES,Variedade,82706,Neutro
SRV-004807,2025-10-31,9,MG,Preço,93942,Promotor
SRV-004808,2025-01-15,0,CE,Preço,39968,Detrator
SRV-004809,2025-08-23,3,PR,Variedade,52517,Detrator
SRV-004810,2025-07-31,3,ES,Tempo de Entrega,63239,Detrator
SRV-004811,2025-10-17,6,PE,Atendimento,42655,Detrator
SRV-004812,2025-03-01,10,BA,Atendimento,72771,Promotor
SRV-004813,2025-09-09,6,MT,Preço,55984,Detrator
SRV-004814,2025-01-02,10,RS,Variedade,21049,Promotor
SRV-004815,2025-08-24,7,PA,Qualidade do Produto,82321,Neutro
SRV-004816,2025-12-02,10,BA,Qualidade do Produto,74813,Promotor
SRV-004817,2025-01-19,4,GO,Atendimento,14655,Detrator
SRV-004818,2025-02-18,6,PR,Tempo de Entrega,93994,Detrator
SRV-004819,2025-03-19,7,ES,Atendimento,82454,Neutro
SRV-004820,2025-01-28,8,RS,Preço,78972,Neutro
SRV-004821,2025-02-17,2,SP,Tempo de Entrega,31432,Detrator
SRV-004822,2025-04-06,2,SC,Qualidade do Produto,75896,Detrator
SRV-004823,2025-06-14,3,PA,Variedade,80135,Detrator
SRV-004824,2025-12-31,4,BA,Variedade,52936,Detrator
SRV-004825,2025-06-25,9,RS,Preço,23750,Promotor
SRV-004826,2025-03-14,0,RJ,Atendimento,37987,Detrator
SRV-004827,2025-12-22,6,AM,Preço,36165,Detrator
SRV-004828,2025-01-29,8,GO,Variedade,60541,Neutro
SRV-004829,2025-06-06,7,AM,Qualidade do Produto,34346,Neutro
SRV-004830,2025-11-10,4,RS,Variedade,13514,Detrator
SRV-004831,2025-10-31,3,GO,Tempo de Entrega,34838,Detrator
SRV-004832,2025-10-06,6,SC,Variedade,37559,Detrator
SRV-004833,2025-10-10,4,GO,Variedade,69207,Detrator
SRV-004834,2025-01-07,6,PR,Tempo de Entrega,26385,Detrator
SRV-004835,2025-11-01,0,ES,Atendimento,28317,Detrator
SRV-004836,2025-07-01,0,SP,Variedade,10393,Detrator
SRV-004837,2025-04-19,9,GO,Preço,34881,Promotor
SRV-004838,2025-11-20,2,RJ,Variedade,37955,Detrator
SRV-004839,2025-07-25,10,PA,Preço,68308,Promotor
SRV-004840,2025-08-22,1,RS,Tempo de Entrega,68014,Detrator
SRV-004841,2025-07-06,1,CE,Variedade,75430,Detrator
SRV-004842,2025-11-25,6,MG,Tempo de Entrega,82031,Detrator
SRV-004843,2025-12-23,9,PR,Tempo de Entrega,96973,Promotor
SRV-004844,2025-01-08,1,BA,Atendimento,69596,Detrator
SRV-004845,2025-02-22,10,GO,Variedade,11713,Promotor
SRV-004846,2025-07-18,3,GO,Preço,30428,Detrator
SRV-004847,2025-05-17,1,BA,Preço,72160,Detrator
SRV-004848,2025-09-16,5,SC,Variedade,76171,Detrator
SRV-004849,2025-11-30,7,PR,Atendimento,90729,Neutro
SRV-004850,2025-06-21,9,GO,Atendimento,70843,Promotor
SRV-004851,2025-03-27,3,RJ,Atendimento,33003,Detrator
SRV-004852,2025-02-15,4,PE,Preço,90169,Detrator
SRV-004853,2025-12-12,3,SP,Tempo de Entrega,52077,Detrator
SRV-004854,2025-07-05,2,MT,Atendimento,36730,Detrator
SRV-004855,2025-06-05,4,RJ,Preço,82981,Detrator
SRV-004856,2025-01-09,8,GO,Preço,89817,Neutro
SRV-004857,2025-04-25,7,SP,Tempo de Entrega,82138,Neutro
SRV-004858,2025-06-03,7,MS,Variedade,75573,Neutro
SRV-004859,2025-05-10,7,ES,Variedade,38869,Neutro
SRV-004860,2025-11-27,7,ES,Atendimento,41076,Neutro
SRV-004861,2025-03-22,6,PR,Atendimento,96005,Detrator
SRV-004862,2025-10-17,7,PR,Tempo de Entrega,35094,Neutro
SRV-004863,2025-05-27,10,BA,Atendimento,36817,Promotor
SRV-004864,2025-10-22,7,MT,Tempo de Entrega,20555,Neutro
SRV-004865,2025-09-26,7,PA,Preço,80656,Neutro
SRV-004866,2025-05-13,9,MT,Atendimento,90214,Promotor
SRV-004867,2025-02-19,6,MG,Preço,60193,Detrator
SRV-004868,2025-01-23,0,SC,Qualidade do Produto,14715,Detrator
SRV-004869,2025-03-29,3,MS,Tempo de Entrega,44162,Detrator
SRV-004870,2025-04-22,3,GO,Qualidade do Produto,48458,Detrator
SRV-004871,2025-04-21,4,MS,Atendimento,13140,Detrator
SRV-004872,2025-03-13,9,MG,Preço,84174,Promotor
SRV-004873,2025-06-03,5,GO,Atendimento,27383,Detrator
SRV-004874,2025-02-26,3,RJ,Qualidade do Produto,27718,Detrator
SRV-004875,2025-09-14,1,BA,Atendimento,86160,Detrator
SRV-004876,2025-06-05,5,SP,Variedade,67399,Detrator
SRV-004877,2025-04-23,7,PE,Qualidade do Produto,97008,Neutro
SRV-004878,2025-11-14,7,MT,Atendimento,31863,Neutro
SRV-004879,2025-02-16,6,RS,Preço,81626,Detrator
SRV-004880,2025-08-26,5,MS,Atendimento,21377,Detrator
SRV-004881,2025-11-30,1,CE,Preço,93031,Detrator
SRV-004882,2025-04-16,6,GO,Variedade,70523,Detrator
SRV-004883,2025-07-06,10,PA,Atendimento,24870,Promotor
SRV-004884,2025-06-08,4,MS,Variedade,67487,Detrator
SRV-004885,2025-07-17,5,MT,Qualidade do Produto,29300,Detrator
SRV-004886,2025-06-26,9,ES,Preço,65951,Promotor
SRV-004887,2025-09-18,7,MG,Qualidade do Produto,77639,Neutro
SRV-004888,2025-10-14,7,SC,Preço,82126,Neutro
SRV-004889,2025-10-20,2,PE,Variedade,52980,Detrator
SRV-004890,2025-12-01,6,PA,Tempo de Entrega,42050,Detrator
SRV-004891,2025-05-23,0,PE,Atendimento,12921,Detrator
SRV-004892,2025-11-04,0,ES,Variedade,80270,Detrator
SRV-004893,2025-07-16,6,CE,Preço,95293,Detrator
SRV-004894,2025-08-13,9,PR,Preço,40328,Promotor
SRV-004895,2025-02-12,8,MT,Preço,70820,Neutro
SRV-004896,2025-05-31,6,GO,Preço,33138,Detrator
SRV-004897,2025-10-23,9,PE,Atendimento,91573,Promotor
SRV-004898,2025-03-04,4,RJ,Qualidade do Produto,22094,Detrator
SRV-004899,2025-05-10,7,RJ,Tempo de Entrega,75264,Neutro
SRV-004900,2025-09-12,1,PR,Atendimento,19028,Detrator
SRV-004901,2025-12-09,8,SP,Preço,25432,Neutro
SRV-004902,2025-08-02,5,BA,Atendimento,53819,Detrator
SRV-004903,2025-03-14,8,PR,Variedade,98627,Neutro
SRV-004904,2025-04-14,1,MS,Preço,91122,Detrator
SRV-004905,2025-06-07,2,CE,Tempo de Entrega,15312,Detrator
SRV-004906,2025-09-29,7,RJ,Preço,35973,Neutro
SRV-004907,2025-11-11,0,MS,Tempo de Entrega,65305,Detrator
SRV-004908,2025-08-26,9,PE,Tempo de Entrega,38973,Promotor
SRV-004909,2025-10-30,6,RJ,Qualidade do Produto,54390,Detrator
SRV-004910,2025-06-07,6,RS,Qualidade do Produto,26099,Detrator
SRV-004911,2025-04-19,0,BA,Atendimento,59956,Detrator
SRV-004912,2025-01-09,8,AM,Atendimento,24063,Neutro
SRV-004913,2025-11-17,7,SC,Tempo de Entrega,91919,Neutro
SRV-004914,2025-02-28,3,AM,Preço,19605,Detrator
SRV-004915,2025-12-24,9,MT,Variedade,87904,Promotor
SRV-004916,2025-07-11,10,RS,Variedade,82964,Promotor
SRV-004917,2025-05-16,4,MT,Preço,61205,Detrator
SRV-004918,2025-09-08,1,SP,Preço,25817,Detrator
SRV-004919,2025-05-26,8,ES,Qualidade do Produto,12420,Neutro
SRV-004920,2025-12-13,5,GO,Variedade,94448,Detrator
SRV-004921,2025-12-18,2,RS,Tempo de Entrega,79853,Detrator
SRV-004922,2025-02-27,6,SP,Atendimento,99897,Detrator
SRV-004923,2025-06-26,8,GO,Qualidade do Produto,37728,Neutro
SRV-004924,2025-10-15,2,SP,Variedade,67858,Detrator
SRV-004925,2025-09-02,1,MT,Preço,59089,Detrator
SRV-004926,2025-02-17,6,SC,Variedade,94257,Detrator
SRV-004927,2025-10-28,6,ES,Tempo de Entrega,38964,Detrator
SRV-004928,2025-12-22,3,MG,Qualidade do Produto,86992,Detrator
SRV-004929,2025-04-10,10,MS,Preço,52240,Promotor
SRV-004930,2025-08-01,8,PA,Tempo de Entrega,93449,Neutro
SRV-004931,2025-10-29,7,PR,Atendimento,22675,Neutro
SRV-004932,2025-06-14,0,PE,Qualidade do Produto,70049,Detrator
SRV-004933,2025-05-06,0,CE,Tempo de Entrega,91664,Detrator
SRV-004934,2025-10-29,4,CE,Tempo de Entrega,58436,Detrator
SRV-004935,2025-05-01,5,MS,Preço,50213,Detrator
SRV-004936,2025-03-29,2,AM,Atendimento,38111,Detrator
SRV-004937,2025-08-05,8,AM,Tempo de Entrega,14284,Neutro
SRV-004938,2025-03-02,9,MS,Qualidade do Produto,27585,Promotor
SRV-004939,2025-10-29,5,MT,Tempo de Entrega,75039,Detrator
SRV-004940,2025-06-28,3,CE,Variedade,17131,Detrator
SRV-004941,2025-07-09,6,MG,Qualidade do Produto,53382,Detrator
SRV-004942,2025-06-12,7,PR,Qualidade do Produto,43527,Neutro
SRV-004943,2025-03-22,8,CE,Tempo de Entrega,97493,Neutro
SRV-004944,2025-06-19,10,PR,Preço,40936,Promotor
SRV-004945,2025-10-28,5,PE,Qualidade do Produto,97081,Detrator
SRV-004946,2025-07-15,5,MT,Variedade,63441,Detrator
SRV-004947,2025-07-22,7,MS,Preço,64598,Neutro
SRV-004948,2025-02-16,4,CE,Preço,89220,Detrator
SRV-004949,2025-06-07,2,MT,Preço,30642,Detrator
SRV-004950,2025-07-13,2,ES,Qualidade do Produto,79907,Detrator
SRV-004951,2025-10-06,5,SP,Preço,22651,Detrator
SRV-004952,2025-11-13,1,CE,Tempo de Entrega,11665,Detrator
SRV-004953,2025-09-26,5,PR,Preço,16918,Detrator
SRV-004954,2025-07-18,5,SP,Variedade,33007,Detrator
SRV-004955,2025-08-12,7,SC,Atendimento,85730,Neutro
SRV-004956,2025-09-20,6,MS,Variedade,35035,Detrator
SRV-004957,2025-06-15,7,CE,Qualidade do Produto,99352,Neutro
SRV-004958,2025-06-29,8,CE,Preço,98602,Neutro
SRV-004959,2025-07-11,5,PA,Preço,86749,Detrator
SRV-004960,2025-08-04,2,RS,Tempo de Entrega,98148,Detrator
SRV-004961,2025-10-11,9,SP,Preço,32211,Promotor
SRV-004962,2025-12-18,2,CE,Variedade,64587,Detrator
SRV-004963,2025-04-17,10,ES,Qualidade do Produto,36866,Promotor
SRV-004964,2025-04-08,0,PE,Atendimento,17344,Detrator
SRV-004965,2025-08-18,10,GO,Preço,78737,Promotor
SRV-004966,2025-09-14,4,SP,Atendimento,80288,Detrator
SRV-004967,2025-02-12,3,PE,Preço,72546,Detrator
SRV-004968,2025-08-30,8,BA,Qualidade do Produto,20327,Neutro
SRV-004969,2025-02-11,8,PR,Variedade,58659,Neutro
SRV-004970,2025-04-05,4,SC,Qualidade do Produto,55797,Detrator
SRV-004971,2025-09-11,9,RS,Atendimento,81627,Promotor
SRV-004972,2025-07-07,3,ES,Preço,37608,Detrator
SRV-004973,2025-11-03,6,AM,Atendimento,38285,Detrator
SRV-004974,2025-06-16,5,AM,Variedade,98534,Detrator
SRV-004975,2025-09-28,3,SC,Qualidade do Produto,58634,Detrator
SRV-004976,2025-05-05,9,RS,Atendimento,50289,Promotor
SRV-004977,2025-06-10,1,MT,Atendimento,98479,Detrator
SRV-004978,2025-03-28,0,PA,Variedade,28007,Detrator
SRV-004979,2025-11-05,3,SC,Preço,35257,Detrator
SRV-004980,2025-08-14,3,MT,Atendimento,95054,Detrator
SRV-004981,2025-05-25,0,GO,Variedade,39784,Detrator
SRV-004982,2025-12-11,5,PA,Preço,48588,Detrator
SRV-004983,2025-09-05,3,MS,Preço,54221,Detrator
SRV-004984,2025-12-28,0,SC,Qualidade do Produto,31378,Detrator
SRV-004985,2025-01-06,0,RJ,Variedade,14696,Detrator
SRV-004986,2025-01-31,0,PR,Preço,44635,Detrator
SRV-004987,2025-07-16,7,MG,Qualidade do Produto,68543,Neutro
SRV-004988,2025-08-20,9,RS,Tempo de Entrega,91259,Promotor
SRV-004989,2025-10-23,7,ES,Variedade,29207,Neutro
SRV-004990,2025-11-21,1,SP,Tempo de Entrega,37524,Detrator
SRV-004991,2025-05-15,10,MS,Preço,38554,Promotor
SRV-004992,2025-01-13,6,MS,Variedade,21817,Detrator
SRV-004993,2025-01-04,7,SC,Qualidade do Produto,65258,Neutro
SRV-004994,2025-06-27,7,SC,Preço,72582,Neutro
SRV-004995,2025-08-22,10,RS,Variedade,10168,Promotor
SRV-004996,2025-09-16,9,PA,Variedade,52981,Promotor
SRV-004997,2025-05-20,10,MT,Tempo de Entrega,75199,Promotor
SRV-004998,2025-03-06,6,BA,Preço,74948,Detrator
SRV-004999,2025-10-10,4,PA,Qualidade do Produto,67782,Detrator
